-- phpMyAdmin SQL Dump
-- version 4.6.4
-- https://www.phpmyadmin.net/
--
-- Host: 127.0.0.1
-- Generation Time: Apr 27, 2017 at 07:46 AM
-- Server version: 5.7.14
-- PHP Version: 5.6.25

SET SQL_MODE = "NO_AUTO_VALUE_ON_ZERO";
SET time_zone = "+00:00";


/*!40101 SET @OLD_CHARACTER_SET_CLIENT=@@CHARACTER_SET_CLIENT */;
/*!40101 SET @OLD_CHARACTER_SET_RESULTS=@@CHARACTER_SET_RESULTS */;
/*!40101 SET @OLD_COLLATION_CONNECTION=@@COLLATION_CONNECTION */;
/*!40101 SET NAMES utf8mb4 */;

--
-- Database: `fitnesscentermaps`
--

-- --------------------------------------------------------

--
-- Table structure for table `admins`
--

CREATE TABLE `admins` (
  `id` int(10) UNSIGNED NOT NULL,
  `fname` varchar(255) NOT NULL,
  `lname` varchar(255) NOT NULL,
  `email` varchar(255) NOT NULL,
  `username` varchar(255) NOT NULL,
  `password` varchar(255) NOT NULL,
  `remember_token` varchar(100) DEFAULT NULL,
  `created_at` timestamp NULL DEFAULT NULL,
  `updated_at` timestamp NULL DEFAULT NULL
) ENGINE=MyISAM DEFAULT CHARSET=utf8;

--
-- Dumping data for table `admins`
--

INSERT INTO `admins` (`id`, `fname`, `lname`, `email`, `username`, `password`, `remember_token`, `created_at`, `updated_at`) VALUES
(5, 'momine', 'babaaaaaaaaa', 'momine@gmail.com', 'momine', '$2y$10$Y3H8tOb2RsKdIU1i3Ppumu4D9Tm2QiIqqnRuZwl5UstPkWGSX1wau', NULL, '2017-03-05 01:53:50', '2017-04-27 00:01:04'),
(6, 'smile', 'smileshyyyyy', 'smileshyyyyy@gmail.com', 'smileshyyyyy', '$2y$10$3Eqo0nMooMsXD7XEXjBZIuU0mzZ6QEIz3sJAoiOW6Zbo5I6.BAHsS', NULL, '2017-04-23 05:57:04', '2017-04-23 05:57:04');

-- --------------------------------------------------------

--
-- Table structure for table `class`
--

CREATE TABLE `class` (
  `id` int(10) UNSIGNED NOT NULL,
  `class_ename` varchar(255) NOT NULL,
  `class_tname` varchar(255) NOT NULL,
  `class_description` text NOT NULL,
  `images` varchar(255) NOT NULL,
  `type_id` int(10) UNSIGNED NOT NULL,
  `created_at` timestamp NOT NULL,
  `updated_at` timestamp NOT NULL
) ENGINE=InnoDB DEFAULT CHARSET=utf8;

--
-- Dumping data for table `class`
--

INSERT INTO `class` (`id`, `class_ename`, `class_tname`, `class_description`, `images`, `type_id`, `created_at`, `updated_at`) VALUES
(1, 'Aerobics', 'เเอโรบิก', 'Aerobics เป็นคลาสที่ท้าทายด้วยการผสมผสานระหว่างท่าทางบริหารที่มีอิมแพคต่ำกับการบริหารความแข็งแรงของกล้ามเนื้อแบบเข้มข้น \r\nเพื่อเพิ่มอัตราการเต้นของหัวใจและเร่งการเผาผลาญออกซิเจนของคุณ เตรียมตัวสำหรับการยกระดับของการออกกำลังกายของคุณ พร้อมกำจัดเเคลลอรี่ และไขมันส่วนเกิน', 'c1.jpg', 2, '2017-04-08 17:15:11', '2017-04-08 17:15:11'),
(2, 'BODYCOMBAT™', 'บอดี้คอมเเบท', 'BODYCOMBAT™ เป็นคลาสที่ใช้พลังงานเยอะมากที่สุด ความคิดของท่าออกกำลังกายเป็นการบริหารแบบแอโรบิคที่ผสมผสานการเต้นกับเสียงเพลงจังหวะสนุกๆ เข้ากับท่าทางการต่อสู้แบบตะวันออก ตั้งแต่ มวยไทย ไทชิ เทควันโด ยูโด และคาราเต้  เพราะนอกจากจังหวะเพลงจะเร้าใจ มีเสียงเอ็ฟเฟ็คส์ประกอบเพิ่มความฮึกเหิมแล้ว คนเต้นยังได้ออกท่า ออกเสียง ปลดปล่อยพลังตัวเองเต็มที่ด้วย ท่าทางที่เขาออกแบบมาให้ทำตามก็ชัดเจน แถมการออกท่าแต่ละท่ายังเป็นการบังคับให้คนเต้นได้บริหารกล้ามเนื้อร่างกายละส่วนไปด้วยในตัว', 'c2.jpg', 2, '2017-04-08 17:15:12', '2017-04-08 17:15:12'),
(3, 'BODYPUMP™', 'บอดี้ปัมพ์', 'BODYPUMP™ เป็นการออกกำลังกายอีกคลาสหนึ่งในการทำให้สัดส่วนการที่ง่ายที่สุดในการลดไขมันและทำให้หุ่นเข้ารูป เป็นคลาสประกอบจังหวะพร้อมด้วยการยกน้ำหนัก ในรูปแบบที่ทุกคนสามารถทำได้ ซึ่งเหมาะอย่างยิ่งสำหรับทั้งหญิงและชายที่ต้องการเพิ่มการฝึกความแข็งแรงเข้าไปในการออกกำลังกายแบบแอโรบิค ด้วยความเรียบง่ายไม่ยุ่งยากของ BODY PUMP นี่จะเป็นจุดเริ่มที่ดีเยี่ยมในการพัฒนาความแข็งแกร่งและความมั่นใจด้วยเสียงเพลงที่เร่าร้อน พร้อมกับจังหวะที่สนุกสนาน', 'c3.jpg', 2, '2017-04-08 17:15:12', '2017-04-08 17:15:12'),
(4, 'Gym Ball', 'ยิมบอล', 'Gym Ball เป็นอุปกรณ์กีฬาเทรนด์ใหม่ที่ใช้ในการออกกำลังกาย โดยมีลักษณะเป็นลูกบอลทรงกลมขนาดยักษ์หลากหลายสี ซึ่งผู้ใช้ต้องผสมผสานความแข็งแรงกับความอ่อนตัวเข้าด้วยกัน โดยเริ่มแรกอุปกรณ์ตัวนี้ออกแบบมาสำหรับผู้ป่วยกายภาพบำบัด โดยใช้มาช่วยเพิ่มความยืดหยุ่นและการทรงตัวของร่างกายให้ผู้ป่วย ช่วยเสริมสร้างความแข็งแรงเน้นที่กล้ามเนื้อกลางลำตัวและสร้างสมดุลของร่างกายด้วยลูกบอลยิม', 'c4.jpg', 2, '2017-04-08 17:15:12', '2017-04-08 17:15:12'),
(5, 'Yoga Fly', 'พาวเวอร์สเต็ป', 'Yoga Fly คือศิลปะการร่ายรำบนผืนผ้า มีความใกล้เคียงกับการเล่น โยคะลอยแบบลอยตัวมากๆ ซึ่งจะนำเอาประโยชน์ของโยคะ พิลาทีส การเต้น การบริหารร่างกายแบบลอยตัว และการปีนป่าย เข้าไว้ด้วยกัน เป็นการออกกำลังที่ล้ำลึก ที่ผสมผสานการใช้ร่างกายและจิตใจเพื่อการใช้พลังงานโดยสมบูรณ์แบบ การฝึก Yoga Fly จะทำให้คุณมีกำลัง สามารถควบร่างกายและจิตใจได้ตามความต้องการ', 'c5.jpg', 7, '2017-04-08 17:15:12', '2017-04-08 17:15:12'),
(6, 'Step Aerobics', 'สเต็ปเเอโรบิก', 'Step Aerobics เป็นคลาสแอโรบิกที่มีจังหวะรวดเร็วเป็นการออกกำลังกายแบบเข้มข้น พร้อมทั้งมีสเต็ปคาร์ดิโอ้ประกอบ ช่วยเผาผลาญไขมันได้อย่างมีประสิทธิภาพ', 'c6.jpg', 2, '2017-04-08 17:15:12', '2017-04-08 17:15:12'),
(7, 'Stretching', 'สตรีชชิง', 'Stretching เป็นคลาสออกกำลังที่เน้นการเคลื่อนไหวบนพื้น โดยเน้นการยืดเหยียดของกล้ามเนื้อเพื่อเพิ่มความยืดหยุ่นของกล้ามเนื้อและข้อต่อ', 'c7.jpg', 2, '2017-04-08 17:15:12', '2017-04-08 17:15:12'),
(8, 'Hip Hop\r\n', 'ฮิพฮอพ', 'การเรียนการสอนฮิพฮอพจะเน้นไปที่ความสนุกสนาน ด้วยท่วงท่าที่สนุกสนานสะใจ หลักสูตรนี้จึงเป็นที่นิยมมากในหมู่วัยรุ่นด้วยเพลงที่สนุกสนานและเร้าใจ การสอนยังผสมผสาน isolation และ stretching exercises เพื่อเสริมสร้างการมีสุขภาพที่แข็งแรงแก่นักเรียน', 'c8.png', 1, '2017-04-08 17:24:15', '2017-04-08 17:24:15'),
(9, 'Latin Dance', 'การเต้นเเบบลาติน', 'Latin Dance  มีการออกแบบการเต้นมาจาก ซัลซ่า แซมบ้า และ ลาติน ถือเป็นการออกกำลังกายประเภทคาร์ดิโอที่เหมาะสำหรับผุ้ออกกำลังกายทุกท่านทั้งท่านที่ยังไม่มีพื้นฐานและท่านที่มีพื้นฐานแล้ว การออกกำลังกายทุกสัดส่วนของร่างกายช่วยปลดปล่อยความเครียดและเพิ่มความกระฉับกระเฉงให้กับคุณโดยที่คุณจะลืมไปเลยว่าคุณกำลังเผาผลาญแคลอรี่อยู่ มาเต้นไปด้วยกันเพื่อที่คุณจะแข็งแรงขึ้น ฟิตขึ้น และ เซ็กซี่ขึ้น', 'c9.jpg', 1, '2017-04-08 17:15:12', '2017-04-08 17:15:12'),
(10, 'Jazz', 'แจ๊ซ', 'Jazz เป็นการผสมผสานของการการเต้นแจ๊ซ,การออกกำลังกายอย่างมีประสิทธิภาพ ,การออกแบบท่าเต้นและเพลงป๊อป สามารถแบ่งออกเป็น 3 ส่วนคือ คาร์ดิโอ เสริมความแข็งแรงของกล้ามเนื้อ และ ยืดกล้ามเนื้อ', 'c10.jpg', 1, '2017-04-08 17:15:12', '2017-04-08 17:15:12'),
(11, 'Piloxing ', 'ไพลอกซิง', 'Piloxing เป็นการออกกำลังกายแนวใหม่ที่ผสมผสานระหว่างพิลาทิสและศิลปะการป้องกันตัวแบบเตะต่อย ที่จะช่วยให้รูปร่างเฟิร์มกระชับ และเบิร์นไขมันไปด้วยพร้อมๆ กัน', 'c11.jpg', 1, '2017-04-08 17:15:12', '2017-04-08 17:15:12'),
(12, 'Street Dance', 'สตรีทเเด๊นซ์', 'Street Dance เป็นท่าเต้นที่ผสมผสานกับท่าเต้นรูปแบบต่างๆ ในขั้นพื้นฐาน ไม่ว่าจะเป็นBreak dance, popping &, Locking, Hip Hop, และ Jazz Dance โดยเอาท่าทางขั้นพื้นฐานของทั้ง หมดมารวมกันจนออกมาเป็น Street Dance', 'c12.jpg', 1, '2017-04-08 17:15:12', '2017-04-08 17:15:12'),
(13, 'Zumba', 'ซุมบ้า', 'Zumba เป็นวิธีออกกำลังกายแบบแอโรบิกสไตล์ละติน ที่ผสมผสานท่าเต้นตามสไตล์ละติน-อเมริกา ระบำหน้าท้อง แอโรบิก และฮิปฮอปเข้าด้วยกัน มีจุดเด่นที่ความสนุกสนานในการออกกำลังกาย และเสียงเพลงละตินในจังหวะที่เร้าใจ ทำให้คนออกกำลังกายได้นานขึ้นและไม่รู้สึกเบื่อง่าย ๆ แถมการเต้นซุมบ้ายังช่วยเบิร์นไขมันได้ดี', 'c13.jpg', 1, '2017-04-08 17:15:12', '2017-04-08 17:15:12'),
(14, 'Rebound', 'รีบาวน์', 'การเล่น Rebound แตกต่างจากกีฬาประเภทอื่น เช่น วิ่ง, จ๊อกกิ้ง, เทนนิส การเล่น Rebound มีผลกระทบค่อนข้างน้อยกว่า เมื่อเทียบกับการออกกำลังเป็นประจำ การเล่น Rebound ช่วยทำให้กล้ามเนื้อกระชับ และ แข็งแรงขึ้น และยังเป็นอีกวิธีการหนึ่ง ในการขับสารพิษ ออกจากร่างกาย ซึ่งได้มาจากแรง G Forces ที่ได้จากการกระแทกของแผ่น Rebound และกระเด้งสูงขึ้น เมื่อลอยอยู่ในอากาศ ซึ่งคือสาเหตุที่ทำให้เซลล์ในร่างกาย ทำปฏิกิริยา และ ขับสารพิษออกมา\r\nและยังได้รับการพิสูจน์แล้วว่า ช่วยเพิ่มอัตราการเผาผลาญในร่างกาย มากกว่า การออกกำลังกาย แบบปกติ ถึง 60% ', 'c14.jpg', 1, '2017-04-08 17:15:12', '2017-04-08 17:15:12'),
(15, 'Cycling', 'การปั่นจักรยาน', 'Cycling เป็นคลาสปั่นจักรยานในร่มแบบฟรีสไตล์ สิ่งสำคัญของคลาสนี้คือการที่ร่างกายและจิตใจได้สัมผัสกับประสบการณ์ที่สนุกสนานร่วมกัน เป็นทางเลือกหนึ่งของผู้ที่ต้องการปลดปล่อยและเลือกออกกำลังกายในระดับที่ตนเองถนัดได้ตามที่ต้องการ หนึ่งในคลาสที่เผาผลาญแคลอรี่ได้มากที่สุด คุณเองก็สามารถเห็นผลลัพท์ได้จากคลาส Cycling มี Impact ที่ต่ำและเป็นการออกกำลังกายแบบความเข้มข้นสูง\r\n\r\n', 'c15.jpg', 3, '2017-04-08 17:15:12', '2017-04-08 17:15:12'),
(16, 'RPM™', 'อาร์พีเอ็ม', 'RPM™ คือการปั่นจักรยานในร่ม โดยใช้จังหวะเพลงที่ถูกออกแบบมาจาก Lesmills โดยจะปั่นจักรยานตามจังหวะและระดับของเพลง และถูกการกระตุ้นในการนำของผู้สอน โดยมีรูปแบบของการขึ้นเนิน ทางเรียบ ขึ้นเขา และเร่งความเร็วในการสปิน ช่วยเพิ่มความแข็งแรงของระบบหัวใจและการไหลเวียนของเลือด เผาผลาญไขมันอย่างรวดเร็ว เบรินแคลเลอรี่ได้ถึง 500 แคลเรอรรี่ในระยะเวลา 50 นาที กระชับสัดส่วนของต้นขาและสะโพก', 'c16.jpg', 3, '2017-04-08 17:15:12', '2017-04-08 17:15:12'),
(17, 'Brazilian Jiu jitsu(Gi)', 'บราซิลเลี่ยน ยูยิสสู', 'Brazillian Jiu-jitsu เป็นศิลปะการต่อสู้สมัยใหม่ ที่มีจุดเด่นด้านการล็อกจับ และ การต่อสู้บนพื้น', 'c17.jpg', 4, '2017-04-08 17:15:12', '2017-04-08 17:15:12'),
(18, 'Judo', 'ยูโด', 'Judo เป็นศิลปะการป้องกันตัวด้วยมือเปล่าของประเทศญี่ปุ่น ซึ่งถูกปรับเปลี่ยนมาจากวิชายูยิตสูซึ่งเป็น 1 ใน ศิลปะการต่อสู้ของนักรบญี่ปุ่นโบราณไว้สำหรับการให้คู่ต่อสู้ได้รับบาดเจ็บ และยอมแพ้ไม่เช่นนั้นจะโดนใช้วิธีจับมือหักข้อต่อส่วนต่างๆ ของร่างกายจนพิการทุพลภาพ ในปัจจุบันยูโดถูกปรับเปลี่ยนให้มีความอันตรายน้อยลง กลายเป็นกีฬาที่เน้นใช้พละกำลังให้น้อยที่สุด แต่ก่อเกิดความเสียหายให้แก่เป้าหมายมากที่สุด รูปแบบการโจมตีของสายอาชีพนี้จะมีลักษณะเกี่ยวกับการทุ่มแบบต่างๆ รวมไปถึงการกอดรัด, การจับยึด และการล็อกข้อต่อ เห็นอย่างนี้แล้วยูโดยังมีเทคนิคเกี่ยวกับการชกต่อยผสมรวมอยู่ด้วย จึงกล่าวได้ว่าหากใครคิดจะต่อกรกับอาชีพนี้เตรียมตัวรับการบาดเจ็บได้', 'c18.jpg', 4, '2017-04-08 17:15:12', '2017-04-08 17:15:12'),
(19, 'MMA', 'ศิลปะการต่อสู้แบบผสม', 'MMA คือ การต่อสู้ที่รวมเอาศิลปะการต่อสู้หลายแขนงเข้าไว้ด้วยกัน อย่างเช่น มวยไทย มวยสากล ยูโด มวยปล้ำ คาราเต้ แซมโบ บราซิลเลี่ยน ยูยิสสู มีทั้งการเตะต่อย และการทำให้คู่ต่อสู้ยอมแพ้', 'c19.jpg', 4, '2017-04-08 17:15:12', '2017-04-08 17:15:12'),
(20, 'Muay Thai', 'มวยไทย', 'Muay Thai เป็นศิลปะการต่อสู้ที่ใช้หมัด, ศอก, แขนท่อนล่าง, เท้า, แข้ง, เข่า, ฝ่ามือ, ฝ่าเท้า, ศีรษะ และลำตัวในการต่อสู้ มีการตั้งรับ และโจมตีตอบโต้ รวมทั้งการล่อหลอก และขู่ขวัญคู่ต่อสู้ อาวุธมวยที่ออกไปจะมีเป้าหมาย และจุดประสงค์แน่นอน (แต่มักซ้อนกลลวงไว้เสมอ) และมีทีเด็ดในการพิชิตคู่ต่อสู้ หรือที่เรียกว่าแม่ไม้มวยไทยซึ่งเป็นที่รู้จักแพร่หลาย อาทิ จระเข้ฟาดหาง, เถรกวาดลาน, หนุมานถวายแหวน, หักงวงไอยรา, บั่นเศียรทศกัณฑ์, มอญแทงกริช และฤาษีบดยา เป็นต้น ', 'c20.jpg', 4, '2017-04-08 17:15:12', '2017-04-08 17:15:12'),
(21, 'NO – GI', 'การฝึกแบบไร้กิ ', 'ฝึกแบบไร้กิ (NO – GI Training) คือการฝึกบลาซิลเลี่ยน จูจิสสึ อีกรูปแบบหนึ่งซึ่งจะแตกต่างกันตรงที่ผู้ฝึกไม่ใส่กิโมโนในการฝึกซ้อมและผู้ฝึกไม่สามารถใช้เครื่องแต่งกายช่วยในการต่อสู้ได้ซึ่งการฝึกแบบไร้กิจะแตกต่างกับการฝึกแบบกิอยู่บ้างแต่เทคนิคแต่แนวคิดยังคงเหมือนจูจิสสึธรรมดาการการฝึกแบบไร้กินิยมมากในวงการ MMA ศิลปะการต่อสู้เพราะสามารถใช้ในการต่อสู้บนพื้นและการจับล็อคตามแบบของบลาซิลเลี่ยน จูจึสสึ จึงทำให้นักสู้ MMA ที่ฝึกบลาซิลเลียน จูจิสสึ มีความได้เปลี่ยนในการแข่งขัน', 'c21.jpeg', 4, '2017-04-08 17:15:12', '2017-04-08 17:15:12'),
(22, 'Wrestling', 'มวยปล้ำ', 'มวยปล้ำ (Wrestling) เป็นกีฬาที่เก่าที่สุดอย่างหนึ่ง เพราะก่อนที่มนุษย์จะรู้จักการใช้อาวุธ เช่น หอก ขวาน หรือธนู เพื่อเอาไว้สู้กับสัตว์ร้ายนั้นมนุษย์จะต้องฝึกหัดมวยปล้ำไว้เพื่อป้องกัน ตัวจากสัตว์ร้ายหรือพวกมนุษย์ด้วยกันเอง อย่างไรก็ตาม มวยปล้ำที่กล่าวนี้แตกต่างไปจากมวยปล้ำในปัจจุบัน เพราะไม่ใช่กีฬาฝึกในเวลาว่าง หรือเพื่อผ่อนคลายอารมณ์ในสังคม มวยปล้ำสมัยแรกเริ่มนั้นฝึกกันเพื่อความอยู่รอดในการดำรงชีวิต ทั้งชีวิตของตัวเองและชีวิตของสมาชิกในครอบครัว ยิ่งกว่านั้นมวยปล้ำยังช่วยให้สามารถหาอาหารได้', 'c22.jpg', 4, '2017-04-08 17:15:12', '2017-04-08 17:15:12'),
(23, 'Yin Yoga', 'หยินโยคะ ', 'Yin Yoga เป็นคลาสโยคะด้านตรงข้ามของการฝึกโยคะทั่วไปที่เป็นแบบเกร็งกล้ามเนื้อ Dynamic หรือที่เราง่ายๆว่าหยางโยคะ แต่การฝึกหยินโยคะจะเน้นที่การสงบนิ่ง และผ่อนคลายในขณะอยู่ในท่าอาสนะ โดยจะค้างท่านานอย่างน้อย 3 นาที ทำให้เกิดการคลายตัวของเนื้อเยื่อเกี่ยวพัน (Connective Tissues) ในระดับลึกของทั้งกล้ามเนื้อ รวมทั้งเส้นเอ็น และข้อต่อต่างๆ ช่วยให้ร่างกายเปิดมากขึ้น มีความยืดหยุ่นมากขึ้น ที่สำคัญยังเป็นการกระตุ้นเส้นพลังปราณ (Meridian Lines) ในร่างกาย ทำให้กระแสพลังในกายไหลเวียนดีขึ้น กระตุ้นพลังการทำงานของอวัยวะภายในที่สำคัญ และนำความสมดุลย์กลับคืนมาสู่การทำงานของระบบภายในร่างกาย ทั้งยังช่วยให้ผ่อนคลายลึกลงไปถึงระดับอารมณ์และจิตใจ', 'c23.jpg', 7, '2017-04-08 17:15:12', '2017-04-08 17:15:12'),
(24, 'Vinyasa Yoga', 'วินยาสะโยคะ', 'Vinyasa Yoga คือ การทำท่าโยคะให้มีการเคลื่อนไหวต่อเนื่องจากท่าหนึ่งไปสู่อีกท่าหนึ่ง และมีการกำหนดลมหายใจอย่างทุกต้องและต่อเนื่อง ท่าอาจจะเริ่มจากอาสนะท่ายื่นแล้วลงไปในท่านอนคว่ำและมีท่าเชื่อมต่อ และมีท่าพักด้วย แต่ก็ขึ้นอยู่ของการดัดแปลงท่าของครูแต่ละคน', 'c24.jpg', 7, '2017-04-08 17:15:12', '2017-04-08 17:15:12'),
(25, 'Sun Salutation Series', 'สุริยนมัสการ', 'Sun Salutation Series คือการฝึกในท่าไหว้พระอาทิตย์ เพื่อเพิ่มความแข็งแรงของของหัวใจ ระบบไหวเวียนโลหิต สร้างกล้ามเนื้องแข็งแรง และยืดเหยียดกล้ามเนื้อทุกส่วนของร่างกาย ช่น กล้ามเนื้อแขน ห้วไหล่ หน้าท้อง และขาเป็นต้น กระตุ้นระบบการทำงานของเส้นประสาททุกส่วนในร่างกายให้ดีขึ้น ช่วยสร้างสมาธิ เนื่องจากในขณะเคลื่อนไหวต้องให้สัมพันธ์กับลมหายใจตลอดเวลา', 'c25.jpg', 7, '2017-04-08 17:15:12', '2017-04-08 17:15:12'),
(26, 'Restorative Yoga', 'อินเทอร์เกรทีฟโยคะเทราพี', 'Restorative Yoga โยคะฟื้นฟู ผู้ฝึกไม่จำเป็นต้องป่วยหรือบาดเจ็บแต่อาจต้องการฟื้นฟูร่างกายและจิตใจหลัง จากทำงานหนัก หรือเครียดจัด “เรสโตเรทีฟ โยคะ” จะอยู่ในท่าแต่ละท่านานประมาณ 10-15นาที', 'c26.jpg', 7, '2017-04-08 17:17:21', '2017-04-08 17:17:21'),
(27, 'Power Yoga', 'พาวเวอร์โยคะ', 'Power Yoga เป็นโยคะประยุกต์ที่ผสมผสานความแข็งแรงแบบนักกีฬาโดยใช้พื้นฐานของวินยาสะและอัชตังก้าโยคะ เพียงแต่พาวเวอร์โยคะจะไม่ดำเนินการจัดเรียงลำดับท่าทางเหมือนอัชตังก้าแต่จะใช้การผูกท่าร้อยเรียงไปกับการกำนดลมหายใจเหมือนวินยาสะ กรุณาดื่มน้ำมากๆ เมื่อเข้าคลาสนี้ สำหรับคนท้องควรปรึกษาครูผู้ฝึกสอนก่อน', 'c27.jpg', 7, '2017-04-08 17:17:21', '2017-04-08 17:17:21'),
(28, 'Pilates Ball', 'พีลาทีสบอล', 'Pilates Ball เป็นการออกกำลังกายที่เสริมสร้างกล้ามเนื้อช่วงกลางของลำตัวและมีประโยชน์จากการทรงตัวกับลูกบอลตลอดคลาส คลาสนี้ได้รับการออกแบบจากโปรแกรมพิลาทีสเพื่อท้าทายกล้ามเนื้อกลางลำตัวของคุณ', 'c28.jpg', 7, '2017-04-08 17:17:21', '2017-04-08 17:17:21'),
(29, 'Pilates', 'พีลาทิส', 'Pilates ถือเป็นการบริหารร่างกายที่มีความปลอดภัยสูงเพราะมีการกระทบกระแทกน้อย การเคลื่อนไหวท่าทางต่างๆ เน้นความนุ่มนวล ต่อเนื่อง ลื่นไหลอย่างเป็นธรรมชาติ ท่าทางออกแบบมาโดยเฉพาะสำหรับการบริหารร่างกายทั้งระบบ การขยับเคลื่อนกล้ามเนื้อส่วนต่างๆ นั้นจะต้องผสานกับการหายใจเป็นจังหวะตามที่กำหนด โดยหลักของพิลาทีสเน้นให้ศูนย์พลังบริเวณจุดกึ่งกลางของ ร่างกาย (ตำแหน่งประมาณช่องท้อง) เป็นตัวควบคุมการเคลื่อนไหวต่างๆ', 'c29.jpg', 7, '2017-04-08 17:17:21', '2017-04-08 17:17:21'),
(30, 'Laughter Yoga', 'โยคะหัวเราะ', 'Laughter Yoga เป็นนวัตกรรมทางความคิดที่กระจายไปทั่วโลกและได้รับการนำเสนอโดยสิ่งพิมพ์ที่มีชื่อเสียงและได้รับการยอมรับมากมาย เช่น นิตยสาร Time, National Geographic, Wall Street Journal, Los Angeles Times, Daily Telegraph (อังกฤษ) และอื่น ๆ ชมรมหัวเราะได้ปรากฏในโทรทัศน์ยอดนิยม เช่น : Oprah Winfrey Show, BBC, CNN, ZDF (เยอรมนี) NHK(ญี่ปุ่น), ABC News (สหรัฐอเมริกา) และที่อื่น ๆ ทั่วโลก โยคะหัวเราะและชมรมหัวเราะได้ถูกนำเสนอกระจายผ่านสื่อต่างๆในภาษาที่แตกต่างกันทั่วโลก ทำให้โยคะหัวเราะแพร่ขยายและเติบโตไปทั่วโลก', 'c30.jpg', 7, '2017-04-08 17:17:21', '2017-04-08 17:17:21'),
(31, 'Hot Yoga', 'โยคะร้อน', 'Hot Yoga เป็นการฝึกโยคะในห้องที่มีอุณหภูมิ 37 องศา  ประโยชน์เพิ่มความยืดหยุ่นของกล้ามเนื้อ และเพื่อชำระล้างของเสียให้ออกจากร่างกาย เสริมสร้างระบบต่างๆให้แข็งแรงขึ้น เช่นระบบหัวใจ ระบบภูมิคุ้มกัน ระบบการย่อยอาหาร เพิ่มเมตาโบลิซึ่ม ในระบบการเผาผลาญไขมัน และลดน้ำหนัก ผิวพรรณสดใส', 'c31.jpg', 7, '2017-04-08 17:17:21', '2017-04-08 17:17:21'),
(32, 'Hatha Yoga', 'หัตถาโยคะ', 'Hatha Yoga ประกอบไปด้วยการฝึกตั้งแต่ระดับพื้นฐาน จนถึงระดับกลาง เพื่อความท้าทายของร่างกาย ในขณะเดียวกันเป็นการฝึกสมาธิ ประโยชน์เพื่อปรับสมดุลร่างกายภายใน เสริมสร้างความแข็งแรงและความยื่ดหยุ่นของกล้ามเนื้อมากขึ้น บำบัดอาการเจ็บปวดเรื้อรังต่างๆของร่างกาย ช่วยลดน้ำหนัก กระชับสัดส่วน และลดความครียด', 'c32.jpg', 7, '2017-04-08 17:17:21', '2017-04-08 17:17:21'),
(33, 'Gentle yoga', 'เจนเทิลโยคะ', 'Gentle yoga เป็นจุดเริ่มต้นโยคะพื้นฐานเพื่อให้คุณได้รู้จักการกำหนดลมหายใจและยืดเหยียดกล้ามเนื้อต่างๆ เพื่อให้รู้สึกถึงความผ่อนคลายที่แท้จริง ซึ่งมีการใช้กระบวนท่าหัฐโยคะเบื้องต้นเพื่อเสริมสร้างความสมดุลทั้งทางร่างกายและจิตใจ', 'c33.jpg', 7, '2017-04-08 17:17:21', '2017-04-08 17:17:21'),
(34, 'BODYBALANCE™', 'บอดี้บาลานซ์', 'BODYBALANCE™ คือการออกกำลังกายแบบโยคะ พิลาทิส ไทชิ เพื่อความแข็งแรงของกล้ามเนื้อ และเป็นการยืดคลายกล้ามเนื้อ ทำให้จิตใจคุณสงบ เป็นการออกกำลังกายโดยกการกำหนดลมหายใจ และทำสมาธิโดยจดจ่อในการยืดกล้ามเนื้อ เคลื่อนไหวร่างกาย และหยุดในแต่ละท่าที่สร้างมาเพื่อเป็นการออกกำลังกายโดยใช้หลักฮอลิสติก สมาธิมากที่สุด เพื่อให้ร่างกายเกิดการผ่อนคลายทั้งกายและใจ', 'c34.jpg', 7, '2017-04-08 17:17:21', '2017-04-08 17:17:21'),
(35, 'Ashtanga Yoga', 'อัษฎางค์โยคะ', 'Ashtanga Yogaเป็นการฝึกที่มีรูปแบบเฉพาะตัว ประกอบด้วยท่าทางการเคลื่อนไหว ร่วมกับลมหายใจและเทคนิคพิเศษต่าง ๆ เช่น วิธีฝึกควบคุมร่างกายจากภายใน การฝึกให้มีสติและสมาธิ ประโยชน์เพื่อช่วย ล้างพิษ ลดความเครียด และกระตุ้นให้ร่างกายสดชื่น\r\n\r\n', 'c35.jpg', 7, '2017-04-08 17:17:21', '2017-04-08 17:17:21'),
(36, 'Aerial Body Fit', 'เเอเรียลบอดี้ฟิต', 'Aerial กลายเป็นอีกหนึ่งรูปแบบการออกกำลังกายที่ได้รับความนิยมในบ้านเรา เริ่มจาก yoga fly บนผืนผ้าที่เป็นที่รู้จักอย่างแพร่หลาย ขยายสู่ความรู้ใหม่ๆ สู่การออกกำลังกายแบบอื่นๆ อย่าง AERIAL HAMMOCK , AERIAL SILK , LYRA หรือ AERIAL HOOP , TRAPEZE กลายเป็นรูปแบบการออกกำลังกายที่โดนใจสาวหนุ่มที่ชื่นชอบการโบยบินบนความสูง Meet the trainer', 'c36.jpg', 7, '2017-04-08 17:17:21', '2017-04-08 17:17:21'),
(37, 'Circuit', 'การออกกำลังกายครบวงจร', 'circuit training  คือการที่คุณหมุนเวียนเปลี่ยนท่าบริหารร่างกายไปเรื่อยๆ โดยไม่หยุดพัก   หรือพักด้วยการทำคาร์ดิโอหรือบริหารเบาๆ เป็นนำเอาการออกกำลังกายแบบแอโรบิก ผสมผสานกับการใช้แรงต้าน ', 'c37.jpg', 6, '2017-04-08 17:17:21', '2017-04-08 17:17:21'),
(38, 'Core ABS', 'การบริหารกล้ามเนื้อหน้าท้อง', 'Core ABS เป็นคลาสที่เน้นการบริหารกล้ามเนื้อบริเวณลำตัว ผลที่ได้จากการออกกำลังกาย คือ การเพิ่มความแข็งแกร่งภายใน การสร้างความสมดุลของสรีระ เสริมสร้างความแข็งแรงของกระดูกสันหลังทั้งยังช่วยให้ร่างกายส่วนกลางลำตัวกระชับและมีรูปร่างที่ดีขึ้น', 'c38.jpg', 6, '2017-04-08 17:17:21', '2017-04-08 17:17:21'),
(39, 'Fitness', 'ฟิตเนส', 'Fitness หรือ ความฟิตของร่างกาย ที่เป็นส่วนสำคัญที่ทำให้คนเรามีสุขภาพแข็งแรง ด้วยการออกกำลังกาย ที่ผมกล่าวถึงในคอลัมน์เสาร์ที่แล้วมี 3 ประการคือ\r\n1. แอโรบิคฟิตเนส (AEROBIC FITNESS หรือ CARDIO-VASCULAR FITNESS)\r\n2. ความฟิตของระบบกล้ามเนื้อกระดูก (MUSCULO SKELETAL FITNESS )\r\n3. ความฟิตของระบบเผาผลาญพลังงานในร่างกาย (METABOLIC FITNESS)', 'c39.jpg', 6, '2017-04-08 17:17:21', '2017-04-08 17:17:21'),
(40, 'Rip:60 ', 'ริป60', 'Rip:60 เป็นอุปกรณ์ออกกำลังกายประเภท Suspension Training ซึ่งเป็นรูปแบบหนึ่งของการออกกำลังกายด้วยแรงต้าน (Resistance Training) ที่ใช้น้ำหนักของร่างกาย (Body weight) เป็นตัวสร้างแรงต้าน แทนการใช้อุปกรณ์ยกน้ำหนักหรือดัมเบลต่างๆ\r\nโดยเน้นการสร้างความแข็งแรง ความสมดุล ความยืดหยุ่น และเสถียรภาพในเวลาเดียวกัน อุปกรณ์ออกกำลังกาย rip:60 เป็นอุปกรณ์บริหารร่างกายแบบครบทุกส่วน ใช้งานง่าย และสะดวกต่อการพกพาไปตามที่ต่างๆ หรือติดตั้งภายในบ้านโดยไม่จำเป็นต้องใช้เนื้อที่กว้างขวาง', 'c40.jpg', 6, '2017-04-18 16:49:09', '2017-04-18 16:49:09'),
(41, 'Strength', 'การเสริมสร้างกล้ามเนื้อ', 'Strength เป็นการเน้นความแข็งเเรงของหน้าท้องและหลังช่วงล่างกล้ามเนื้อหลัก ซึ่งเหมาะการเล่นควบคู่กับการออกกำลังกายแบบยกน้ำหนัก หรือเพิ่มเติมจากการออกกำลังกายแบบกรุ๊ปเอ็กเซอร์ไซส์ เพื่อช่วยในการกระชับกล้ามเนื้อกล้ามเนื้อ และพัฒนาความสวยงามของลำตัวส่วนกลาง', 'c41.jpg', 6, '2017-04-08 17:17:21', '2017-04-08 17:17:21'),
(42, 'Tabata', 'ทาบาตะ', 'TABATA คือ ลักษณะการฝึกแบบ HIIT ( HIGH INTENSITY INTERVAL TRAINING) ซึ่งมีระยะเวลาในการฝึกและพักที่ตายตัว คือ ฝึก 20วินาที พัก 10 วินาที\r\nทำติดต่อกัน 8 รอบ ใช้เวลาทั้งหมด 4 นาที โดยสามารถนำมาใช้ได้กับการฝึกที่เป็นทั้ง สไตล์ CARDIO/ฝึกด้วยน้ำหนักตัว/WBI (ใช้กล้ามเนื้อทุกส่วน) หรือแม้กระทั่ง CLASSIC WEIGHT TRAINING', 'c42.jpg', 6, '2017-04-08 17:17:21', '2017-04-08 17:17:21'),
(43, 'TRX', 'ทีอาร์เอ็กซ์', 'TRX ย่อมาจากคำว่า Total body Resistance Exercise ซึ่งแปลตรงตัวได้ว่า การออกกำลังด้วยแรงต้านทั้งร่างกาย โดย TRX จะใช้อุปกรณ์ฝึก ที่ประกอบด้วยเชือกไนล่อน 2 เส้นที่ออกแบบมาโดยเฉพาะ ใช้แขวนกับคานหรือเสาที่แข็งแรงสักหน่อย ซึ่งหลักของการออกกำลังแบบ TRX นั้นอยู่ที่การออกแรงยกตัวในท่าต่าง ๆ เพื่อสู้กับน้ำหนักของตนเอง โดยท่าเหล่านั้นจะช่วยเสริมความแข็งแกร่งของกล้ามเนื้อได้หลายส่วนและลดไขมันส่วนเกินได้เป็นอย่างดี\r\n', 'c43.jpg', 6, '2017-04-18 16:49:29', '2017-04-18 16:49:29'),
(44, 'VIPR', 'ไวเปอร์', 'ViPR (อ่านว่า ไวเปอร์) อุปกรณ์การออกกำลังกายแบบใหม่ ที่ถูกเรียกว่าเพราะไปคล้ายกับกระดูกของงู นั้นเองซึ่งอุปกรณ์นี้ ถูกพัฒนาและสร้างขึ้นโดย Michol Dalcourt ผู้อำนวยการสถาบันการเคลื่อนไหวในซานดิเอโก โดยอุปกรณ์ตัวนี้ จะมีลักษณะเป็นทรงกระบอกยาว คล้ายๆท่อ แล้วจะช่องไว้เพื่อทำที่จับ ซึ่งการออกกำลังกายด้วย ViPR นี้ จะช่วยเรื่องการบริหารกล้ามเนื้อส่วนบนของร่างกาย เช่น หน้าอก หน้าท้อง และยังช่วยในเรื่องความสมดุล และความคล่องตัวของร่างกายอีกด้วย', 'c44.jpg', 6, '2017-04-08 17:17:21', '2017-04-08 17:17:21'),
(45, 'ABT ', 'เอบีที', 'ABT (Abdominal and torso)เป็นการบริหารกล้ามเนื้อช่วงแกนกลางลำตัว ประกอบด้วยหน้าท้อง เอว หลังและสะโพก ลดไขมันหน้าท้องและเอวช่วยกระชับกล้ามเนื้อ เผาผลาญไขมันส่วนเกิน', 'c45.jpg', 6, '2017-04-08 17:17:21', '2017-04-08 17:17:21'),
(46, 'Basketball', 'บาสเกตบอล', 'กีฬาบาสเกตบอล ช่วยพัฒนากลไกการเคลื่อนไหวของร่างกายให้ดีขึ้น โดยมีการทำงานประสานกันระหว่างระบบกล้ามเนื้อและระบบประสาท เช่น การประสานงานของมือกับตา เท้ากับตา มือกับเท้า เป็นต้น ทำให้ร่างกายแข็งแรง การเล่นกีฬาบาสเกตบอลจะให้ได้ออกกำลังกาย จงส่งผลให้ร่างกายแข็งแรง พัฒนาและเสริมสร้างสมรรถภาพทางกาย การเล่นบาสเกตบอลต้องใช้ความสามารถทางร่างกายหลายด้านเช่น ความเร็ว ความคล่องตัว ความแข็งแรง ความอดทน เป็นต้น จึงส่งผลให้มีสมรรถภาพทางกายดีขึ้น', 'c46.jpg', 5, '2017-04-08 17:17:21', '2017-04-08 17:17:21'),
(47, 'Batmintan', 'แบดมินตัน', 'แบดมินตันก็เช่นเดียวกับกีฬาชนิดอื่นๆที่มีประโยชน์มากสำหรับผู้เล่น ทำให้มีพลานามัยสมบูรณ์แข็งแรงทั้งร่างกายและจิตใจ มีสายตาและการเคลื่อนไหวที่รวดเร็วว่องไว ทำให้เป็นผู้ที่มีการคาดการณ์ล่วงหน้าได้ ทำให้เป็นผู้ที่สามารถตัดสินใจได้อยางรวดเร็วทันเวลา', 'c47.jpg', 5, '2017-04-08 17:17:21', '2017-04-08 17:17:21'),
(48, 'Football', 'ฟุตบอล', 'กีฬาฟุตบอล เป็นกีฬาอีกประเภทหนึ่งที่ช่วยเสริมสร้างสมรรถภาพทางร่างกายให้แข็งแรง  ช่วยทำให้ระบบต่างๆ  ภายในร่างกายทำงานมีประสิทธิภาพยิ่งขึ้น  เช่น  ระบบกล้ามเนื้อ  ระบบการหายใจ  ระบบขับถ่าย  ระบบการไหลเวียนของโลหิต  เป็นต้น ช่วยส่งเสริมกิจกรรมที่รวมการเคลื่อนไหวตามธรรมชาติของมนุษย์เกือบทุกชนิด  เช่น  การวิ่งหลบหลีก  หลอกล่อ  การแย่ง  การรับ  การส่ง  การกระโดด การเตะ  ตลอดจนการใช้เท้าให้สัมพันธ์กับสายตาด้วย', 'c48.jpg', 5, '2017-04-08 17:17:21', '2017-04-08 17:17:21'),
(49, 'Running/Jogging', 'การวิ่ง /การเดิน', 'ประโยชน์ของการวิ่ง ก็เหมือนกับการปั่นจักรยาน คุณจะรู้สึกถึงความสุขขณะที่วิ่งไปเรื่อยๆ แต่ก็ควรเลือกวิ่งช่วงเช้าหรือเย็น ไม่ใช่ไปวิ่งกลางแดดแรงๆ อากาศอบอ้าว นั่นอาจทั้งร้อนทั้งเครียด เเถมยังได้เหงื่อจากการออกกำลังกาย เมื่อเหงื่อของคุณชะล้างสิ่งสกปรกในรูขุมขนออกมา หลังจากเหงื่อออกแล้ว ร่างกายก็จะสดชื่น นั่งพักและอย่าหมักเหงื่อเอาไว้ พักสักชั่วโมงแล้วก็ไปอาบน้ำดีกว่า การวิ่งให้ได้ 45 นาที เผาผลาญไขมันไปอีก 14 ชั่วโมง ประมาณ 190 กิโลแคลอรี่', 'c49.jpg', 5, '2017-04-08 17:17:21', '2017-04-08 17:17:21'),
(50, 'Sepak takraw', 'เซปักตะกร้อ', 'เซปักตะกร้อ การเล่นตะกร้อเป็นพื้นฐานของการเล่นกีฬาประเภทอื่นๆ ทำให้ SBO มีทักษะการครองลูก การเคลื่อนไหวมีความสัมพันธ์ที่ดีระหว่างอวัยวะส่วนต่างๆ ทำให้มีกล้ามเนื้อที่แข็งแรงรู้จักความอดทน กีฬาเซปักตะกร้อสามารถเล่นได้คนเดียวเพื่อฝึกฝนพัฒนาตนให้เกิดความชำนาญ อันตรายจากการเล่นก็เกิดขึ้นได้น้อยเพราะจะไม่มีการปะทะตัวกันและกัน แต่ควรระวังอุปกรณ์ด้วยว่ามีการชำรุดหรือไม่เพื่อที่จะได้เป็นการป้องกันไม่ให้เกิดอันตราย', 'c50.jpg', 5, '2017-04-08 17:17:21', '2017-04-08 17:17:21'),
(51, 'Swimming', 'ว่ายน้ำ', 'การว่ายน้ำ ช่วยให้หัวใจแข็งแรง การว่ายน้ำทำให้หายใจแรงและเร็ว ซึ่งจะทำให้หัวใจสูบฉีดโลหิตและโลหิตไหลเวียนดี ช่วยให้ความดันโลหิตต่ำ กระชับกล้ามเนื้อ การว่ายน้ำช่วยเสริมสร้างกล้ามเนื้อให้แข็งแรงและแข็งแกร่ง ดังนั้นจึงทำให้กล้ามเนื้อฟิตกระชับและหุ่นดี การว่ายน้ำช่วยกระชับกล้ามเนื้อสำคัญ ๆ อย่าง กล้ามเนื้อลำตัว กล้ามเนื้อช่วงไหล่ และต้นขาด้านหลัง งานวิจัยของสหรัฐฯ ระบุว่าเพราะแรงต้านทานในน้ำที่มีมากกว่าในอากาศ 10 เท่า จึงทำให้การว่ายน้ำสามารถเผาผลาญไขมันได้มากขึ้น\r\n', 'c51.jpg', 5, '2017-04-08 17:15:52', '2017-04-08 17:15:52'),
(52, 'Tennis', 'เทนนิส', 'เทนนิส มีประโยชน์ทางด้านร่างกาย ทำให้ร่างกายแข็งแรง ไม่เจ็บป่วยง่าย ระบบประสาท และกล้ามเนื้อทางานประสานสัมพันธ์กัน สามารถบังคับส่วนต่างๆของร่างกายให้ทำงานตามต้องการ ทั้งการหลบหลีก การเคลื่อนที่ และเปลี่ยนทิศทางได้รวดเร็ว ซึ่งสามารถนำไปใช้ในการหลบหลีกอันตรายในชีวิตประจำวันด้วยสัญชาตญาณที่ได้รับการฝึกฝนจาการเล่นเทนนิส นอกจากนั้นแล้ว ยังทำให้ทรวดทรงได้สัดส่วน และมีร่างกายงามสง่า\r\n\r\n', 'c52.jpg', 5, '2017-04-08 17:15:52', '2017-04-08 17:15:52'),
(53, 'Easy Dance', 'การเต้นเบบง่าย', 'Easy Dance เหมาะสำหรับผู้เล่นระดับพื้นฐาน และสำหรับทุกท่านที่อยากเริ่มต้นกับคลาสเต้นของเรา ประกอบไปด้วยการออกแบบท่าเต้นอย่างง่ายพร้อมกับเพลงทั่วไป ถ้าหากคุณเป็นผู้ที่ยังไม่มีพื้นฐานในการเต้นและพร้อมที่จะเริ่มต้นไปกับเรา', '1491671878.jpg', 1, '2017-04-08 17:15:52', '2017-04-08 10:17:58'),
(54, 'Yoga', 'โยคะ', 'โยคะเป็นคำสันสกฤตหมายถึงการรวมให้เป็นหนึ่ง โยคะจะรวมกาย จิต วินญาณให้เป็นหนึ่งทำให้เรามีสติและอยู่บนพื้นฐานของความจริงของชีวิต การฝึกโยคะคือการฝึกการปลอดปล่อยจากสิ่งลวงตาและการหลงผิด\r\nการฝึกโยคะเป็นฝึกการเปลี่ยนแปลงตัวเองทั้งร่างกายและจิตวิญาณ นอกจากจะเปลี่ยนแปลงแล้วยังสามารถปรับปรุงให้ดีขึ้น การฝึกโยคะจะประกอบไปด้วยส่วนที่สำคัญ 3 อย่างได้แก่ การออกกำลังกายหรือการฝึกท่าโยคะ การหายใจหรือลมปราณ การทำสมาธิ การฝึกท่าโยคะจะกระตุ้นอวัยวะและต่อมต่างๆในร่างกายทำงานดีขึ้นสุขภาพจึงดีขึ้น การหายใจเป็นแห่งก่อให้เกิดพลังของชีวิต การควบคุมการหายใจจะทำให้จิตใจและสุขภาพดีขึ้น การฝึกท่าโยคะและการหายใจจะเป็นพื้นฐานในการทำสมาธิ หากท่านได้ฝึกทั้งสามอย่างจะทำให้ผู้ฝึกมีสุขภาพที่แข็งแรง จิตใจผ่องใสและเข็มแข็ง', '1491671894.jpg', 7, '2017-04-08 17:15:52', '2017-04-08 10:18:14');

-- --------------------------------------------------------

--
-- Table structure for table `comments`
--

CREATE TABLE `comments` (
  `id` int(10) UNSIGNED NOT NULL,
  `rating` int(11) NOT NULL,
  `fitness_id` int(10) UNSIGNED NOT NULL,
  `user_id` int(10) UNSIGNED NOT NULL,
  `created_at` timestamp NULL DEFAULT NULL,
  `updated_at` timestamp NULL DEFAULT NULL
) ENGINE=InnoDB DEFAULT CHARSET=utf8;

--
-- Dumping data for table `comments`
--

INSERT INTO `comments` (`id`, `rating`, `fitness_id`, `user_id`, `created_at`, `updated_at`) VALUES
(1, 4, 39, 58, '2017-04-05 22:00:00', '2017-04-05 22:00:00'),
(2, 3, 7, 15, '2017-04-05 22:00:00', '2017-04-05 22:00:00'),
(3, 3, 8, 15, '2017-04-05 22:00:00', '2017-04-05 22:00:00'),
(4, 3, 39, 15, '2017-04-05 22:00:00', '2017-04-05 22:00:00'),
(5, 3, 7, 16, '2017-04-05 22:00:00', '2017-04-05 22:00:00'),
(6, 4, 38, 16, '2017-04-05 22:00:00', '2017-04-05 22:00:00'),
(7, 4, 39, 16, '2017-04-05 22:00:00', '2017-04-05 22:00:00'),
(8, 3, 38, 17, '2017-04-05 22:00:00', '2017-04-05 22:00:00'),
(9, 3, 39, 17, '2017-04-05 22:00:00', '2017-04-05 22:00:00'),
(10, 3, 37, 18, '2017-04-05 22:00:00', '2017-04-05 22:00:00'),
(11, 2, 39, 18, '2017-04-05 22:00:00', '2017-04-05 22:00:00'),
(12, 3, 41, 18, '2017-04-05 22:00:00', '2017-04-05 22:00:00'),
(13, 3, 5, 19, '2017-04-05 22:00:00', '2017-04-05 22:00:00'),
(14, 4, 38, 19, '2017-04-05 22:00:00', '2017-04-05 22:00:00'),
(15, 4, 39, 19, '2017-04-05 22:00:00', '2017-04-05 22:00:00'),
(16, 4, 41, 19, '2017-04-05 22:00:00', '2017-04-05 22:00:00'),
(17, 4, 42, 19, '2017-04-05 22:00:00', '2017-04-05 22:00:00'),
(18, 4, 38, 20, '2017-04-05 22:00:00', '2017-04-05 22:00:00'),
(19, 5, 39, 20, '2017-04-05 22:00:00', '2017-04-05 22:00:00'),
(20, 2, 41, 20, '2017-04-05 22:00:00', '2017-04-05 22:00:00'),
(21, 3, 36, 22, '2017-04-05 22:00:00', '2017-04-05 22:00:00'),
(22, 3, 37, 22, '2017-04-05 22:00:00', '2017-04-05 22:00:00'),
(23, 3, 38, 22, '2017-04-05 22:00:00', '2017-04-05 22:00:00'),
(24, 4, 39, 22, '2017-04-05 22:00:00', '2017-04-05 22:00:00'),
(25, 3, 40, 22, '2017-04-05 22:00:00', '2017-04-05 22:00:00'),
(26, 4, 41, 22, '2017-04-05 22:00:00', '2017-04-05 22:00:00'),
(27, 3, 42, 22, '2017-04-05 22:00:00', '2017-04-05 22:00:00'),
(28, 3, 5, 23, '2017-04-05 22:00:00', '2017-04-05 22:00:00'),
(29, 4, 36, 23, '2017-04-05 22:00:00', '2017-04-05 22:00:00'),
(30, 4, 37, 23, '2017-04-05 22:00:00', '2017-04-05 22:00:00'),
(31, 4, 39, 24, '2017-04-05 22:00:00', '2017-04-05 22:00:00'),
(32, 4, 40, 24, '2017-04-05 22:00:00', '2017-04-05 22:00:00'),
(33, 3, 36, 25, '2017-04-05 22:00:00', '2017-04-05 22:00:00'),
(34, 4, 41, 25, '2017-04-05 22:00:00', '2017-04-05 22:00:00'),
(35, 3, 19, 26, '2017-04-05 22:00:00', '2017-04-05 22:00:00'),
(36, 4, 39, 26, '2017-04-05 22:00:00', '2017-04-05 22:00:00'),
(37, 5, 39, 27, '2017-04-05 22:00:00', '2017-04-05 22:00:00'),
(38, 3, 5, 28, '2017-04-05 22:00:00', '2017-04-05 22:00:00'),
(39, 3, 39, 28, '2017-04-05 22:00:00', '2017-04-05 22:00:00'),
(40, 3, 41, 28, '2017-04-05 22:00:00', '2017-04-05 22:00:00'),
(41, 4, 3, 29, '2017-04-05 22:00:00', '2017-04-05 22:00:00'),
(42, 3, 39, 30, '2017-04-05 22:00:00', '2017-04-05 22:00:00'),
(43, 4, 39, 31, '2017-04-05 22:00:00', '2017-04-05 22:00:00'),
(44, 3, 41, 32, '2017-04-05 22:00:00', '2017-04-05 22:00:00'),
(45, 4, 3, 34, '2017-04-05 22:00:00', '2017-04-05 22:00:00'),
(46, 5, 39, 35, '2017-04-05 22:00:00', '2017-04-05 22:00:00'),
(47, 2, 39, 37, '2017-04-05 22:00:00', '2017-04-05 22:00:00'),
(48, 4, 39, 39, '2017-04-05 22:00:00', '2017-04-05 22:00:00'),
(49, 3, 27, 40, '2017-04-05 22:00:00', '2017-04-05 22:00:00'),
(50, 4, 39, 40, '2017-04-05 22:00:00', '2017-04-05 22:00:00'),
(51, 4, 42, 40, '2017-04-05 22:00:00', '2017-04-05 22:00:00'),
(52, 4, 7, 41, '2017-04-05 22:00:00', '2017-04-05 22:00:00'),
(53, 4, 8, 41, '2017-04-05 22:00:00', '2017-04-05 22:00:00'),
(54, 4, 39, 41, '2017-04-05 22:00:00', '2017-04-05 22:00:00'),
(55, 1, 13, 42, '2017-04-05 22:00:00', '2017-04-05 22:00:00'),
(56, 1, 38, 42, '2017-04-05 22:00:00', '2017-04-05 22:00:00'),
(57, 4, 39, 47, '2017-04-05 22:00:00', '2017-04-05 22:00:00'),
(58, 4, 41, 47, '2017-04-05 22:00:00', '2017-04-05 22:00:00'),
(59, 3, 39, 48, '2017-04-05 22:00:00', '2017-04-05 22:00:00'),
(60, 4, 3, 49, '2017-04-05 22:00:00', '2017-04-05 22:00:00'),
(61, 5, 5, 49, '2017-04-05 22:00:00', '2017-04-05 22:00:00'),
(62, 3, 7, 49, '2017-04-05 22:00:00', '2017-04-05 22:00:00'),
(63, 4, 8, 49, '2017-04-05 22:00:00', '2017-04-05 22:00:00'),
(64, 5, 39, 49, '2017-04-05 22:00:00', '2017-04-05 22:00:00'),
(65, 4, 5, 50, '2017-04-05 22:00:00', '2017-04-05 22:00:00'),
(66, 3, 7, 50, '2017-04-05 22:00:00', '2017-04-05 22:00:00'),
(67, 3, 3, 51, '2017-04-05 22:00:00', '2017-04-05 22:00:00'),
(68, 4, 7, 51, '2017-04-05 22:00:00', '2017-04-05 22:00:00'),
(69, 4, 37, 51, '2017-04-05 22:00:00', '2017-04-05 22:00:00'),
(70, 5, 38, 51, '2017-04-05 22:00:00', '2017-04-05 22:00:00'),
(71, 4, 39, 51, '2017-04-05 22:00:00', '2017-04-05 22:00:00'),
(72, 4, 36, 52, '2017-04-05 22:00:00', '2017-04-05 22:00:00'),
(73, 5, 39, 52, '2017-04-05 22:00:00', '2017-04-05 22:00:00'),
(74, 4, 41, 52, '2017-04-05 22:00:00', '2017-04-05 22:00:00'),
(75, 4, 36, 53, '2017-04-05 22:00:00', '2017-04-05 22:00:00'),
(76, 3, 37, 53, '2017-04-05 22:00:00', '2017-04-05 22:00:00'),
(77, 5, 38, 53, '2017-04-05 22:00:00', '2017-04-05 22:00:00'),
(78, 3, 39, 54, '2017-04-05 22:00:00', '2017-04-05 22:00:00'),
(79, 3, 39, 55, '2017-04-05 22:00:00', '2017-04-05 22:00:00'),
(80, 5, 3, 56, '2017-04-05 22:00:00', '2017-04-05 22:00:00'),
(81, 4, 7, 56, '2017-04-05 22:00:00', '2017-04-05 22:00:00'),
(82, 4, 39, 56, '2017-04-05 22:00:00', '2017-04-05 22:00:00'),
(83, 3, 41, 56, '2017-04-05 22:00:00', '2017-04-05 22:00:00'),
(84, 4, 36, 57, '2017-04-05 22:00:00', '2017-04-05 22:00:00'),
(85, 5, 38, 57, '2017-04-05 22:00:00', '2017-04-05 22:00:00'),
(86, 5, 39, 57, '2017-04-05 22:00:00', '2017-04-05 22:00:00'),
(87, 4, 40, 57, '2017-04-05 22:00:00', '2017-04-05 22:00:00'),
(88, 4, 41, 57, '2017-04-05 22:00:00', '2017-04-05 22:00:00');

-- --------------------------------------------------------

--
-- Table structure for table `factors`
--

CREATE TABLE `factors` (
  `id` int(10) UNSIGNED NOT NULL,
  `score_product` int(11) NOT NULL,
  `score_place` int(11) NOT NULL,
  `score_physical` int(11) NOT NULL,
  `score_price` int(11) NOT NULL,
  `score_process` int(11) NOT NULL,
  `score_promotion` int(11) NOT NULL,
  `score_people` int(11) NOT NULL,
  `user_id` int(10) UNSIGNED NOT NULL,
  `created_at` timestamp NULL DEFAULT NULL,
  `updated_at` timestamp NULL DEFAULT NULL
) ENGINE=InnoDB DEFAULT CHARSET=utf8;

--
-- Dumping data for table `factors`
--

INSERT INTO `factors` (`id`, `score_product`, `score_place`, `score_physical`, `score_price`, `score_process`, `score_promotion`, `score_people`, `user_id`, `created_at`, `updated_at`) VALUES
(1, 3, 4, 5, 1, 2, 6, 7, 15, '2017-03-12 03:40:31', '2017-04-04 11:14:44'),
(2, 1, 3, 7, 2, 4, 5, 6, 16, '2017-03-12 03:42:37', '2017-03-12 03:42:37'),
(3, 3, 5, 6, 1, 4, 2, 7, 17, '2017-03-12 13:00:00', '2017-03-12 13:00:00'),
(4, 3, 2, 4, 1, 5, 6, 7, 18, '2017-03-12 14:00:00', '2017-03-12 14:00:00'),
(5, 2, 3, 6, 1, 5, 4, 7, 19, '2017-03-12 15:13:00', '2017-03-12 15:13:00'),
(6, 5, 7, 6, 1, 3, 2, 4, 20, '2017-03-12 15:13:00', '2017-03-12 15:13:00'),
(7, 1, 2, 6, 3, 5, 4, 7, 21, '2017-03-12 15:13:00', '2017-03-12 15:13:00'),
(8, 5, 6, 7, 3, 4, 2, 1, 22, '2017-03-12 15:13:00', '2017-03-12 15:13:00'),
(9, 1, 3, 5, 6, 7, 4, 2, 23, '2017-03-12 15:13:00', '2017-03-12 15:13:00'),
(10, 3, 1, 7, 2, 6, 4, 5, 24, '2017-03-12 15:13:00', '2017-03-12 15:13:00'),
(11, 3, 1, 6, 4, 5, 7, 2, 25, '2017-03-12 15:13:00', '2017-03-12 15:13:00'),
(12, 6, 1, 5, 2, 7, 3, 4, 26, '2017-03-12 15:13:00', '2017-03-12 15:13:00'),
(13, 2, 3, 4, 1, 6, 7, 5, 27, '2017-03-12 15:13:00', '2017-03-12 15:13:00'),
(14, 6, 5, 3, 7, 2, 1, 4, 28, '2017-03-12 15:13:00', '2017-03-12 15:13:00'),
(15, 5, 1, 6, 2, 3, 4, 7, 29, '2017-03-12 20:00:00', '2017-03-12 20:00:00'),
(16, 2, 3, 5, 4, 1, 7, 6, 30, '2017-03-12 20:00:00', '2017-03-12 20:00:00'),
(17, 1, 2, 7, 3, 4, 5, 6, 31, '2017-03-12 20:00:00', '2017-03-12 20:00:00'),
(18, 2, 1, 5, 7, 6, 4, 3, 32, '2017-03-12 20:00:00', '2017-03-12 20:00:00'),
(19, 3, 2, 4, 1, 5, 6, 7, 33, '2017-03-12 20:00:00', '2017-03-12 20:00:00'),
(20, 6, 1, 5, 3, 2, 4, 7, 34, '2017-03-12 20:00:00', '2017-03-12 20:00:00'),
(21, 4, 5, 7, 3, 6, 2, 1, 35, '2017-03-12 20:00:00', '2017-03-12 20:00:00'),
(22, 3, 4, 7, 1, 2, 5, 6, 36, '2017-03-12 20:00:00', '2017-03-12 20:00:00'),
(23, 3, 1, 4, 2, 7, 5, 6, 37, '2017-03-12 20:00:00', '2017-03-12 20:00:00'),
(24, 1, 2, 7, 3, 4, 5, 6, 38, '2017-03-12 20:00:00', '2017-03-12 20:00:00'),
(25, 1, 3, 4, 5, 2, 6, 7, 39, '2017-03-12 20:00:00', '2017-03-12 20:00:00'),
(26, 3, 2, 7, 1, 4, 5, 6, 40, '2017-03-12 19:00:00', '2017-03-12 19:00:00'),
(27, 3, 2, 6, 1, 7, 5, 4, 41, '2017-03-15 05:33:15', '2017-03-15 05:33:15'),
(28, 5, 1, 7, 4, 3, 6, 2, 42, '2017-03-20 02:16:26', '2017-03-20 02:16:26'),
(29, 4, 2, 6, 1, 5, 3, 7, 43, '2017-03-23 08:49:25', '2017-03-23 08:49:25'),
(30, 1, 3, 5, 6, 7, 4, 2, 44, '2017-03-27 11:42:45', '2017-03-27 11:42:45'),
(31, 1, 3, 5, 6, 7, 4, 2, 45, '2017-03-27 11:55:52', '2017-03-27 11:55:52'),
(32, 3, 1, 4, 2, 7, 6, 5, 46, '2017-04-04 11:48:42', '2017-04-04 11:48:42'),
(33, 2, 1, 4, 7, 6, 3, 5, 47, '2017-04-06 06:28:39', '2017-04-06 06:28:39'),
(34, 2, 1, 7, 3, 5, 6, 4, 48, '2017-04-06 06:30:12', '2017-04-06 06:30:12'),
(35, 1, 2, 5, 3, 6, 4, 7, 49, '2017-04-06 06:31:27', '2017-04-06 06:31:27'),
(36, 4, 1, 2, 6, 3, 7, 5, 50, '2017-04-06 06:33:02', '2017-04-06 06:33:02'),
(37, 5, 1, 7, 2, 4, 3, 6, 51, '2017-04-06 06:34:18', '2017-04-06 06:34:18'),
(38, 2, 1, 7, 3, 5, 6, 4, 52, '2017-04-06 06:35:30', '2017-04-06 06:35:30'),
(39, 2, 1, 7, 6, 5, 4, 3, 53, '2017-04-06 06:36:28', '2017-04-06 06:36:28'),
(40, 3, 1, 7, 2, 4, 6, 5, 54, '2017-04-06 06:37:41', '2017-04-06 06:37:41'),
(41, 2, 3, 4, 1, 5, 6, 7, 55, '2017-04-06 06:38:45', '2017-04-06 06:38:45'),
(42, 2, 1, 4, 7, 6, 3, 5, 56, '2017-04-06 06:39:43', '2017-04-06 06:39:43'),
(43, 3, 4, 6, 1, 5, 2, 7, 57, '2017-04-06 06:45:04', '2017-04-06 06:45:04'),
(44, 4, 5, 6, 7, 2, 1, 3, 58, '2017-04-06 06:47:15', '2017-04-06 06:47:15'),
(45, 1, 6, 2, 3, 7, 4, 5, 59, '2017-04-09 11:16:03', '2017-04-09 11:16:03'),
(46, 2, 3, 4, 1, 5, 6, 7, 60, '2017-04-10 21:42:57', '2017-04-10 21:42:57'),
(64, 1, 6, 2, 3, 4, 5, 7, 62, '2017-04-22 08:07:34', '2017-04-22 08:07:34');

-- --------------------------------------------------------

--
-- Table structure for table `fitness`
--

CREATE TABLE `fitness` (
  `id` int(10) UNSIGNED NOT NULL,
  `fitness_ename` varchar(80) NOT NULL,
  `fitness_tname` varchar(80) NOT NULL,
  `addresses` varchar(255) NOT NULL,
  `website` varchar(100) NOT NULL,
  `contact_number` varchar(15) NOT NULL,
  `lat` double NOT NULL,
  `lng` double NOT NULL,
  `image` varchar(255) NOT NULL,
  `fitness_description` text NOT NULL,
  `created_at` timestamp NULL DEFAULT NULL,
  `updated_at` timestamp NULL DEFAULT NULL
) ENGINE=InnoDB DEFAULT CHARSET=utf8;

--
-- Dumping data for table `fitness`
--

INSERT INTO `fitness` (`id`, `fitness_ename`, `fitness_tname`, `addresses`, `website`, `contact_number`, `lat`, `lng`, `image`, `fitness_description`, `created_at`, `updated_at`) VALUES
(1, 'I am fit fitness cnx', 'ไอเเอมฟิต ฟิตเนส ซีเอ็นเอ็กซ์', '5 ซอย 4 ถนนสนามบินเก่า ตำบลสุเทพ อำเภอเมือง จังหวัดเชียงใหม่ 50200', 'https://www.facebook.com/MMMFIT', '083-614-3223', 18.788886, 98.962128, 'f1.jpg', 'I AM FIT เรามีการสอน 3 เเบบ คือ Group Training, Personal Training เเละ Private Training โดยมีเทรนเนอร์มืออาชีพดูแล พร้อมบรรยากาศสนุกๆในคลาส และแน่นอนครับสิ่งที่สำคัญที่สุดคือผลลัพธ์ที่คุณจะได้ไป...', '2017-02-06 01:00:00', '2017-04-02 13:52:10'),
(2, 'Playground Fitness', 'เพลกราวด์ฟิตเนส', '2/2 ซอยสายลม ถนนสุเทพ อำเภอเมือง จังหวัดเชียงใหม่ 50200', 'http://www.playgroundchiangmai.com/', '089-850-2900', 18.789596, 98.963308, '1491665606.jpg', 'มาสนุกกับฟิตเนสแนวใหม่ที่เรียกว่า Functional Fitness เน้นการขยับร่างกายตามธรรมชาติ ใช้การยกยางรถยนต์ ทุ่มลูกบอล สะบัดเชือก TRX ฯลฯ แทนการใช้แมชชีน ที่ Playground เราออกกำลังกายแบบคลาสเล็กๆไม่เกิน 15 คน เทรนเนอร์ทุกคนมีใบ Certificate ของ ACE และ NASM ซึ่งเป็นสถาบันดูแลเรื่องฟิตเนสและการออกกำลังกายของอเมริกา เนื่องจากคลาสเราเล็ก เราจึงดูแลทุกคนได้อย่างทั่วถึง ไม่ต้องกลัวบาดเจ็บ เห็นผลลัพธ์ที่รวดเร็ว สนุก และเป็นกันเอง มาสนุกกับฟิตเนสแนวใหม่ ไม่ใช้แมชชีน ออกกำลังกายแบบคลาสเล็กๆไม่เกิน 15 คน', '2017-02-06 01:00:00', '2017-04-08 08:33:26'),
(3, 'Gold Hillside Gym and Fitness', 'โกลด์ฮิวไซด์ยิมเเละฟิตเนส', '50 ถนนห้วยเเก้ว ตำบลช้างเผือก อำเภอเมือง จังหวัดเชียงใหม่ 50300', 'https://www.facebook.com/GoldHillsideGymandFitness', '094-651-9365', 18.800199, 98.970514, '1491665861.jpg', 'คิดถึงสถานที่ออกกำลังกายในห้องแอร์เย็นๆ นึกถึงเรา Gold hillside Gym (โฉมใหม่)ถนนห้วยแก้วติดกับหมูกระทะสุคนธา เรามีอุปกรณ์มากมายหลากหลายไว้คอยบริการท่าน และทุกเย็นจันทร์-ศุกร์ มีคลาส Yoga/Zumba วันละ 2 รอบ', '2017-02-06 01:00:00', '2017-04-08 08:37:41'),
(4, 'Power Up Gym', 'เพาเวอร์อัพ ยิม', '78 ถนนสันติสุข ตำบลช้างเผือก อำเภอเมือง จังหวัดเชียงใหม่ 50300', 'https://www.facebook.com/powerup.gym.chiangmai', '084-614-5570', 18.803636, 98.97271, '1491665881.jpg', 'Power Up Gym Chiang mai มีโปรโมชันดีๆมาอยู่เสมอ คลาสของเราจะมีทั้ง fitness , boxing class เเถมฟรี คลาส Zumba , Aerobic มีเทรนเนอร์มาคอยเเนะนำคุณเสมอ', '2017-02-06 01:00:00', '2017-04-08 08:38:01'),
(5, 'Go Gym', 'โกยิม', '74 ถนนเชียงใหม่-ลำปาง ตำบลช้างเผือก อำเภอเมือง จังหวัดเชียงใหม่ 50300', 'https://www.facebook.com/goGYMchiangmai', '098-820-9099', 18.810649, 98.979672, '1491665919.jpg', 'GO GYM จุดนัดพบของเหล่าก้ามปูอีกหนึ่งยิม อยู่ใกล้กับแยกข่วงสิงห์ มุ่งหน้าเข้าเมืองยิมอยู่ด้านซ้ายมือ มีมวยสำหรับใครที่อยากออกกำลังกายแบบเตะต่อย แอบเห็นสาวๆ ไปต่อยมวยที่ยิมนี้กันเยอะ', '2017-02-06 01:00:00', '2017-04-08 08:38:39'),
(6, 'Chiang Mai Fight Fit', 'เชียงใหม่ไฟท์ฟิต', '108 อาคาร CM ชั้น 4 ถนนซุปเปอร์ไฮเวย์ เชียงใหม่-ลำปาง อำเภอเมือง จังหวัดเชียงใหม่ 50300', 'https://www.facebook.com/cnxfightfit', '081-570-2321', 18.811287, 98.983349, '1491665936.jpg', 'สถานที่ฝึกศิลปะการต่อสู้ที่สอนโดยนักมวยมืออาชีพ ครบวงจรทั้งฟิตเนสเเละมวยไทย บริการเป็นกันเอง', '2017-02-06 01:00:00', '2017-04-08 08:38:56'),
(7, 'U Fitness Center at Uniserv', 'ยูฟิตเนสเซ็นเตอร์ เเอดยูนิเซิร์ฟ', '239 ตำบลสุเทพ อำเภอเมือง จังหวัดเชียงใหม่ 50200', 'https://www.facebook.com/uniserv.fitness', '091-006-7476', 18.794053, 98.966688, '1491665988.jpg', 'ฟิตเนสขนาดเล็กกะทัดรัดย่านถนนนิมมานฯ ครบครันด้วยเครื่องเล่นทั้งที่ยกเวท ลู่วิ่ง จักรยานและเครื่องเล่นเฉพาะส่วนที่ใช้การเพิ่มกล้ามเนื้อพร้อมเทรนเนอร์ในบรรยากาศห้องแอร์เย็นฉ่ำ เหมาะสำหรับคนที่ต้องการความเป็นส่วนตัว เนื่องจากลูกค้าส่วนใหญ่เป็นกลุ่มนักศึกษา มช. และวัยทำงาน ในแต่ละเย็นจึงไม่แน่นมากนัก รายละเอียดโปรโมชั่นสามารถติดตามได้จากทางหน้าแฟนเพจได้เลย', '2017-02-06 01:00:00', '2017-04-08 08:39:48'),
(8, 'O2 GYM', 'โอทูยิม', '205/3 ถนนมหิดล ตำบลป่าเเดด อำเภอเมือง จังหวัดเชียงใหม่ 50100', 'https://www.facebook.com/o2gymth', '090-228-9156', 18.767756, 98.981429, '1491666009.jpg', 'ศูนย์รวมเครื่องออกกำลังกายกลางใจเมือง O2 Gym เรียกได้ว่าเป็นแหล่งออกกำลังกายของเหล่าคนรักด้วยสุขภาพ ครบครันทั้งเครื่องลู่วิ่ง, จักรยาน, Hammer Strength Linear Leg Press, Hammer Strength HD-Elite Half Rack, PRECOR Multi Gym 6 Stations และชนิดอื่นอีกมากมายกว่า 30-40 ชนิด ให้ได้เลือกเล่นกันทั้ง 3 สาขาในราคาเดียว สาขา 1 ถนนกำแพงดิน สาขา 2 สี่แยกสนามบิน ถนนมหิดลและ สาขา 3 ชั้น 3 ตึก CM แยกข่วงสิงห์', '2017-02-06 01:00:00', '2017-04-08 08:40:09'),
(9, 'Best\'s Fitness', 'เบสฟิตเนส', 'ชั้น3 ตึก P PLATINUM 99/58 ถนนห้วยแก้ว ตำบลช้างเผือก อำเภอเมืองเชียงใหม่ 50200', 'https://www.facebook.com/bestfitnesscm', '090-318-1699', 18.80822, 98.956352, '1491666035.jpg', 'Best\'s Fitness ของเรามีโปรโมชันทุกเดือน สถานที่ตั้งของเราอยู่ใกล้มหาวิทยาลัยเชียงใหม่ มาออกกำลังกายกันนะครับ ราคากันเองเเน่นอน', '2017-02-06 01:00:00', '2017-04-08 08:40:35'),
(10, 'Mini Gym', 'มินิยิม', '239/1 ถนนวงแหวนรอบกลาง (ถนนสมโภชเชียงใหม่ 700 ปี)  ตำบลสันผีเสื้อ อำเภอเมือง จังหวัดเชียงใหม่ 50300', 'https://www.minigymthailand.com/', '053-345-488', 18.832263, 99.004518, '1491666053.jpg', 'สถานที่ออกกำลังกาย ที่เป็นมากกว่าการออกกำลังกาย\r\nซึ่งเรากล้าการันตีว่าอุปกรณ์ในการออกำลังกายทันสมัยที่สุดและเรามุ่งเน้นในเรื่องของการออกกำลังกายอย่างแท้จริง โดยมีผู้ฝึกสอนด้านการออกกำลังกายซึ่งมีความรู้ด้านวิทยาศาสตร์การกีฬาโดยตรงและทุกคนเกี่ยวกับ\r\nฟินเนสเน้นคุณภาพที่ดีที่สุดในเชียงใหม่', '2017-02-06 01:00:00', '2017-04-08 08:40:53'),
(11, 'D Fitness', 'ดีฟิตเนส', '288/1-3 ถนนมหิดล ตำบลช้างคลาน อำเภอเมือง\r\nจังหวัดเชียงใหม่ 50100', 'https://www.facebook.com/Dfitnesschiangmai', '094-962-4925', 18.765743, 98.991659, '1491666077.jpg', 'มาพบกับความสนุกสนานและคลาสแน่นๆ ได้ที่ D-Fitness Chiangmai เหมือนเดิม มี class มากกว่า 40 คลาส ต่อสัปดาห์ มี Trainer คอยให้คำแนะนำการใช้อุปกรณ์เบื้องต้น มี group excires หลากหลาย ให้ท่านเลือกเล่น', '2017-02-06 01:00:00', '2017-04-08 08:41:17'),
(12, 'Powerhouse Gym', 'พาวเวอร์เฮาส์ยิม', '50 ปันนาพลาซ่า นิมมานเหมิทร์ ซอย 6 ตำบลสุเทพ อำเภอเมือง จังหวัดเชียงใหม่ 50200', 'http://www.powerhousefitness.co.th/', '053-400-521', 18.797673, 98.964804, '1491666095.jpg', '“Power House”  ฟิตเนสเจ้าแรกและเจ้าเดียวที่ได้ลิขสิทธิ์เปิดสถานออกกำลังกายภายใต้ชื่อ Powerhouse Gym จากประเทศอเมริกา โดยเครื่องออกกำลังกายของที่นี่ก็จะมีทั้งแบบเครื่องเล่นและฟรีเวทที่ได้มาตรฐาน   และยังมีทีมงานเทรนเนอร์มืออาชีพคอยให้คำปรึกษาเพื่อความปลอดภัยและความสะดวกในการออกกำลังกายให้แก่ลูกค้าในทุกโซนอีกด้วย  และที่สำคัญกว่านั้น คือ มีโปรแกรมผู้ฝึกสอนส่วนตัว เพื่อออกแบบการออกกำลังกายและคอยดูแลตลอดชั่วโมงการออกกำลังกาย  รับรองได้ว่าท่านจะได้หุ่นฟิตและเฟิร์มกลับไปแน่นอน', '2017-02-06 01:00:00', '2017-04-08 08:41:35'),
(13, 'Fitness Thailand', 'ฟิตเนสไทยเเลนด์', '29 อาคารไอคอนสเเคว ถนนหัสดิเสวี ตำบลศรีภูมิ อำเภอเมือง จังหวัดเชียงใหม่ 50200', 'http://www.fitnessthailand.co.th/', '053-224-260', 18.796823, 98.981218, '1491666129.jpg', 'ฟิตเนส (ไทยแลนด์) เชียงใหม่ สถานที่ออกกำลังกายที่ทันสมัย กว้างขวาง ที่จอดรถสะดวกสบาย พร้อมด้วยคลาสจาก Les Mills RPM,Body Pump,Body Combat,Zumba,Yoga,Dance etc. และห้องอาบน้ำ ห้อง Sauna , Stream ล็อคเกอร์', '2017-02-06 01:00:00', '2017-04-08 08:42:09'),
(14, 'City Gym', 'ซิตี้ยิม', 'หมู่บ้านโชตนา ซอย 9 ถนนโพธาราม ตำบลช้างเผือก อำเภอเมือง จังหวัดเชียงใหม่ 50300', 'https://www.facebook.com/citygymchiangmai', '053-220-908', 18.816717, 98.976688, '1491666187.jpg', 'City gym เป็นยิมขนาดเล็กครับ เป็นยิมในหมู่บ้านโพธาราม สามารถเข้ามาทางถนนหน้า ร.ร.พาณิชย์ลานนา และทะลุออกไปทางถนนเลียบคลองชลประทานได้ครับ\r\nที่นี่เน้นอุปกรณ์แบบหนักๆ ดัมเบล บาร์เบล เล่นหนักๆ สไตล์เพาะกล้าม เพาะกายเป็นยิมที่ไม่ให้ใส่รองเท้าเข้า และไม่มีแอร์นะครับ', '2017-02-06 01:00:00', '2017-04-08 08:43:07'),
(15, 'Maxx Professional Fitness', 'เเม็กซ์ โปรเฟสเชอร์นอล ฟิตเนส', '55 ชั้น 5 ถนนห้วยเเก้ว ตำบลช้างเผือก อำเภอเมือง จังหวัดเชียงใหม่ 50300', 'https://www.facebook.com/maxxprofessionalfitness', '052-081-222', 18.802599, 98.967325, '1491666205.jpg', 'maxx professional fitness อยู่บนชั้น 5 MAYA Lifestyle shopping Mall ฟิตเนสบนทำเลทองในห้างสรรพสินค้าที่สะดวกทั้งการเดินทางและกิจกรรมไลฟ์สไตล์ครบ อุปกรณ์ใหม่สะอาด ส่วนของคลาสมีสปินนิ่ง แดนซ์ โยคะ โยคะฟลาย และมีห้องซาวน่า', '2017-02-06 01:00:00', '2017-04-08 08:43:25'),
(16, 'Harris Fitness Center', 'ฮาริส ฟิตเนสเซ็นเตอร์', '21 ชั้น 6 ถนนห้วยแก้ว ตำบลสุเทพ อำเภอเมือง จังหวัดเชียงใหม่ 50200', 'https://www.facebook.com/Harris-Fitness-Center-407921262617464/?fref=ts', '082-219-2359', 18.795177, 98.974953, '1491666246.jpg', 'Harris Fitness Center ฟิตเนสย่านห้วยแก้วตั้งอยู่ในกาดสวนแก้ว ชั้น 6 แต่ละสัปดาห์มีคลาสซุมบ้า โยคะ แดนซ์ และสามารถใช้สระว่ายของโรงแรมโลตัสปางสวนแก้วได้ในราคาพิเศษ', '2017-02-06 01:00:00', '2017-04-08 08:44:06'),
(17, 'Powerbank The Energy Club', 'พาวเวอร์เเบงค์ เดอะเอนนิจีคลับ', 'ซอย3 บ้านไร่ ตำบลฟ้าฮ่าม อำเภอเมือง จังหวัดเชียงใหม่ 50000', 'https://www.facebook.com/powerbankgym/?ref=ts&fref=ts', '088-251-9375', 18.812292, 99.008042, '1491666277.jpg', 'Powerbank The Energy Club ยิมย่านฟ้าฮ่าม ที่ถึงแม้จะหายากสักหน่อย แต่ก็มีคนไปใช้บริการเนืองแน่น การออกกำลังกายที่นี่จะเป็นแบบกลุ่มที่ได้ทั้งความสนุกสนานและออกกำลังกายไปพร้อมกัน', '2017-02-06 01:00:00', '2017-04-08 08:44:37'),
(18, 'TM. Muscle Gym', 'ทีเอ็ม มัสเคอร์ ยิม', '59 ถนนต้นขาม ตำบลท่าศาลา อำเภอเมือง จังหวัดเชียงใหม่', 'https://www.facebook.com/TM.Muscle', '052-003575', 18.774553, 99.024503, '1491666285.jpg', 'T.M. Muscle Gym อยู่ย่านสถานีรถไฟ อาจจะดูไกลออกมานิดแต่ไม่ไกลจนเกินไป สำหรับคนที่อยากเน้นเรื่องกล้ามเนื้อที่นี่เทรนเนอร์เค้าดูแลให้คำปรึกษาอย่างใกล้ชิด', '2017-02-06 01:00:00', '2017-04-08 08:44:45'),
(19, 'Sansaran Health & Sport Club', 'เเสนสราญ เฮลท์ เเอนด์ สปอร์ต คลับ', '232 หมุ่ 3 ตำบลหนองควาย อำเภอหางดง จังหวัดเชียงใหม่ 50230', 'http://www.sansaransportclub.com/', '053-019-373', 18.723856, 98.915984, '1491666293.jpg', 'Club House สมบรูณ์แบบ ท่ามกลางบรรยากาศของธรรมชาติเพื่อการพักผ่อนและการออกกำลังกาย ปลดปล่อยความเครียดจากการทำงาน สัมผัสบรรยากาศที่อบอุ่น พร้อมการดูแลและเอาใจใส่ที่เป็นมิตร เปี่ยมด้วยคุณภาพ ใกล้ชิดกับความสดชื่นของธรรมชาติที่แวดล้อมด้วยทัศนียภาพของแมกไม้และวิวเขาในพื้นที่ ที่กว้างขวาง นอกจากสนามเทนนิสในร่มมาตรฐานระดับสากลแล้ว ยังมีกิจกรรมต่าง ๆ มากมาย เพื่อให้สมาชิกทุกคนในครอบครัวและแขกที่มาเยือนทุกท่านได้พักผ่อน สนุกกับการออกกำลังกายอาทิเช่น สระว่ายน้ำระบบเกลือขนาดใหญ่ และจากุซซี่ ห้องฟิตเนสที่พร้อมด้วยอุปกรณ์ครบครัน ผ่อนคลายความตึงเครียดด้วยฟาร์อินฟาร์เรท ซาวน่า ช่วยบรรเทาอาการปวดเมื่อยหลังจากการทำงาน หรือ ออกกำลังกาย พร้อมสิ่งอำนวยความสะดวกครบครัน รวมถึงฟรี Internet wifi ที่พร้อมให้บริการแก่ท่าน', '2017-02-06 01:00:00', '2017-04-08 08:44:53'),
(20, 'Heavy Hit Boxing Gym', 'เฮลวี่ ฮิต บอกซิง ยิม', '96/23 หมู่ 10 ตำบลสุเทพ อำเภอเมือง จังหวัดเชียงใหม่ 50200', 'https://www.facebook.com/heavyhitboxing', '089-552-4242', 18.783875, 98.957243, '1491666301.jpg', 'รับสอนมวยไทย มวยสากล ให้แก่คุณผู้ชายผู้หญิงใน จ.เชียงใหม่ ที่สนใจออกกำลังกายด้วยกีฬามวย เพื่อสุภาพ ลดน้ำหนัก หรือกระชับสัดส่วน มีทั้งคอร์สส่วนตัวและคอร์สกลุ่ม', '2017-02-06 01:00:00', '2017-04-08 08:45:01'),
(21, 'Satva Yoga', 'สวา โยคะ', '19 ซอยเทวฤทธิ์ ตำบลช้างเผือก อำเภอเมือง จังหวัดเชียงใหม่ 50300', 'http://www.yogachiangmaithailand.com/', '080-673-6516', 18.805412, 98.973113, '1491666358.jpg', 'สถานที่ฝึกโยตะที่ให้บรรยากาศที่ผ่อนคลายเหมือนโยคะอยู่ในบ้านของตัวเอง มีเทรนเนอร์ที่เป็นมืออาชีพ ให้คำเเนะนำที่ดี พบกับการสอนที่เป็นกันเองได้ที่นี่', '2017-02-06 01:00:00', '2017-04-08 08:45:58'),
(22, 'SkyKick Muaythai Gym', 'สกายคิก มวยไทยยิม', '143/32 หมู่ 7 ตำบลหนองปาครั่ง อำเภอเมือง จังหวัดเชียงใหม่ 50000', 'https://www.facebook.com/skykickgym/?fref=ts', '087-787-3952', 18.784785, 99.043065, '1491666368.jpg', 'เรียนมวยไทย สนุกกว่าที่คิด\r\nสอนมวยไทย มวยโบราณ ออกกำลังกาย ลดน้ำหนัก', '2017-02-06 01:00:00', '2017-04-08 08:46:08'),
(23, 'Lanna Muay Thai', 'ลานนา มวยไทย', '161 ซอยช้างเคี่ยน ถนนห้วยเเก้ว ตำบลศรีภูมิ อำเภอเมือง จังหวัดเชียงใหม่ 50300', 'http://www.lannamuaythai.com/', '061-951-3164', 18.809437, 98.959676, '1491666375.jpg', 'สถานที่สอนศิลปะการต่อสู้มวยไทยที่ใครๆก็เรียนได้ มีทั้งคนไทยเเละชาวต่างชาติ สอนโดยนักมวยมืออาชีพ', '2017-02-06 01:00:00', '2017-04-08 08:46:15'),
(24, 'Chiang Mai Muay Thai Gym', 'เชียงใหม่มวยไทยยิม', '76 ถนนเวียงเเก้ว ตำบลศีภูมิ อำเภอเมือง จังหวัดเชียงใหม่ 50200', 'https://www.facebook.com/Chiangmai.Muay.Thai.Gym', '095-915-7488', 18.793244, 98.982449, '1491666383.jpg', 'เชียงใหม่มวยไทยยิมเปิดทุกๆวันมีสองช่วงคือ ช่วงเช้าเเละช่วงเย็น เรายังมีคลาสมวยไทยสำหรับน้องๆหนูๆ7ขวบขึ้นไป เสาร์และอาทิตย์', '2017-02-06 01:00:00', '2017-04-08 08:46:23'),
(25, 'Mad Bull Boxing Gym', 'เเมดบูล บอกซิงค์ยิม', 'ซอยวัวลาย 4 ตำบลหายยา อำเภอเมือง จังหวัดเชียงใหม่ 50100', 'https://www.facebook.com/madbullboxinggym', '091-858-8275', 18.775395, 98.985589, '1491666394.jpg', 'Mad Bull Boxing Gym ยิมออกกำลังกายแนวใหม่สำหรับคนที่ชอบกีฬามวยไทยและมวยสากล โดยเฉพาะกลุ่มคนที่รักในการออกกำลังกาย ความดุดัน ความเท่ที่ไม่ซ้ำใคร Mad Bull Boxing Gym มีรูปแบบการฝึกที่ไม่เหมือนใคร อุปกรณ์ที่เพียบพร้อม และเทรนเนอร์มากความสามารถ  นน บุญจำนงค์ เป็นนักมวยสากลสมัครเล่นทีมชาติไทย น้องชายร่วมสายโลหิตของ มนัส บุญจำนงค์   ที่มีประสบการณ์ชกมาแล้วในระดับโอลิมปิก ชกอาชีพ mo7_tnมาฝึกสอนกันอย่างใกล้ชิด พร้อมทั้งยังมีคอร์สฝึกให้เลือกหลายระดับ ได้แก่  Private Beginner และ Professional ในราคาสุดพิเศษ', '2017-02-06 01:00:00', '2017-04-08 08:46:34'),
(26, 'Iron Lion Gym', 'ไอรอนไลออนยิม', '46 ถนนรถไฟ ตำบลวัดเกต อำเภอเมือง จังหวัดเชียงใหม่ 50000', 'https://ironliongymchiangmai.wordpress.com/', '084-905-1063', 18.781899, 99.01635, '1491666402.jpg', 'มวยไทยการต่อสู้ที่ใช้หลักความแข็งแกร่งและการปรับสภาพการป้องกันตนเองการต่อสู้ ยิมของเรายังสอนการฝึกอบรม MMA ตั้งแต่เริ่มต้นจนถึงระดับมืออาชีพทุกเพศทุกวัย', '2017-02-06 01:00:00', '2017-04-08 08:46:42'),
(27, 'Yoga Mind - Yoga Body: Yoga with Gernot Huber', 'โยคะมายด์ - โยคะบอดี้', '21/6 ซอยราชพฤกษ์ ตำบลช้างเผือก อำเภอเมือง จังหวัดเชียงใหม่ 50300', 'http://www.yogamindyogabody.com/', '089-758-6872', 18.799555, 98.974494, '1491666411.jpg', 'ที่นี่ครูสอนโยคะของเรา ชื่อ Gernot Huberสอนการเรียนการสอนการฝึกอบรมและการเรียนแบบส่วนตัว โดยใช้เทคนิคการฝึกโยคะของอนัสราและไอยัน มาผ่อรคลายกล้ามเนื้อกันนะครับ', '2017-02-06 01:00:00', '2017-04-08 08:46:51'),
(28, 'Team Quest Thailand Muay Thai & MMA Training Camp', 'ทีมเควส ไทยเเลนด์ มวยไทย & MMA', '114/3 หมู่ 1 ตำบลป่าเเดด อำเภอเมือง จังหวัดเชียงใหม่ 50100', 'http://tqmmathailand.com/', '086-091-1536', 18.764918, 98.977986, '1491666419.jpg', 'Team Quest สอนศิลปะการต่อสู้แบบผสมผสานและสถานมวยไทยที่ก่อตั้ง โดยแรนดี้คอตูร์แดนเฮนเดอร์สันและแมตต์ลินด์แลนด์ 3 นักมวยปล้ำโอลิมปิกที่มีความฝันที่จะทำในสิ่งที่พวกเขารักที่จะทำ ในช่วง 15 ปีที่ผ่านมา Team Quest ได้แข่งขันกันในระดับสูงสุด Team Quest ได้เปิดตัว Team Quest จำนวน 18 เครื่องที่ UFC เราเป็นที่รู้จักในชุมชน MMA เป็นโรงยิมที่สร้างความสามารถพิเศษจากพื้นดิน', '2017-02-06 01:00:00', '2017-04-08 08:46:59'),
(29, 'Wild Rose Yoga Studio', 'ไวด์โรส โยคะสตูดิโอ', '4/1 ถนนพระปกเกล้า ตำบลพระสิงห์ อำเภอเมือง จังหวัดเชียงใหม่ 50200', 'http://www.wildroseyoga.org/', '089-950-9377', 18.782542, 98.988114, '1491666427.jpg', 'สวรรค์ของโยคะสำหรับ Seasoned Yogis, สร้างชุมชนโยคะด้วยการฝึกฝนจากหัวใจ', '2017-02-06 01:00:00', '2017-04-08 08:47:07'),
(30, 'The Yoga Tree', 'เดอะโยคะทรี', '65/1 ถนนอารักษ์ ตำบลพระสิงห์ อำเภอเมือง จังหวัดเชียงใหม่ 50200', 'http://theyogatree.org/', '081-724-7308', 18.7846, 98.979082, '1491666434.jpg', 'The Yoga Tree -เป็นศูนย์กลางของการฝึกโยคะการทำสมาธิการเต้นรำแบบผสมผสานและการรักษาการบำบัดแบบอื่น การใช้ชีวิตที่มีสุขภาพดีและชุมชนที่ใส่ใจ ก่อตั้งโดย Areeradh K Tri-siddha ครูสอนโยคะผู้อำนวยการสร้าง', '2017-02-06 01:00:00', '2017-04-08 08:47:14'),
(31, 'Yoga Ananda', 'โยคะ อนันดา', 'ห้อง 110 ฮิลล์ไซด์ คอนโดมิเนียม ถนนนิมมานเหมินทร์ ซอย8 ตำบลสุเทพ อำเภอเมือง จังหวัดเชียงใหม่ 5010', 'https://www.yogaananda.net/', '081-884-0122', 18.79657, 98.964779, '1491666521.jpg', 'โยคะสำหรับเราไม่เพียงแต่สำหรับการออกกำลังกาย แต่ยังมีผลกับการควบคุมอารมณ์และจิตใจเป็นเรื่องที่ดีสำหรับร่างกายและจิตใจและความคิดสร้างสรรค์ของสมองโยคะไม่เพียง แต่สำหรับตัวคุณเองเท่านั้น แต่ยังรวมถึงร่างกายจิตใจและคนรอบข้างทำให้ชีวิตคุณมีความสุขมากขึ้น .. โยคะอนันดา .. โยคะเพื่อความสุข', '2017-02-06 01:00:00', '2017-04-08 08:48:41'),
(32, 'Yoga Home Krunoom', 'โยคะโฮม ครูหนุ่ม', 'โครงการแคนทารี เทอเรซ ขั้น 2, ถนนนิมมานเหมินท์ ตำบลสุเทพ อำเภอเมือง จังหวัดเชียงใหม่ 50200', 'http://yogahomebykrunoom.blogspot.com/', '089-956-2918', 18.796353, 98.965088, '1491666530.jpg', 'ฝึกโยคะดีๆ ในสถานที่กว้างขวางสะดวกสบาย อบอุ่นและเป็นกันเอง', '2017-02-06 01:00:00', '2017-04-08 08:48:50'),
(33, 'Yoga Bright Studio', 'โยคะไบร์ท สตูดิโอ', '114/10 กรีนพลัสมอลล์ 2 CBP ตำบลหนองป่าครั่ง อำเภอเมือง จังหวัดเชียงใหม่ 50000', 'https://www.facebook.com/yogabrightcnx', '053-851-545', 18.796568, 99.023611, '1491666541.jpg', 'Yoga Bright Studio เป็นสตูดิโอโยคะ ระดับพรีเมี่ยม ของเชียงใหม่ ดำเนินการสอนโดยครูผู้มากประสบการณ์จากคลาสเรียนหลากหลายสไตล์ เช่น Pravesh ,Yoga D (beginner), Hatha, Vinyasa, Ashtanga, Hatha Flow, Power Yoga , Yoga Circuit, Yoga Detox(HOT) โยคะสำหรับเด็ก ที่ Yoga Bright สตูดิโอ คุณจะได้สัมผัสกับความสงบและผ่อนคลายในบรรยากาศแบบ Home Studio ห้องฝึกโยคะกว้างขวางโปร่งสบาย เพียบพร้อมสิ่งอำนวยความสะดวกที่เราจัดเตรียมไว้ให้ ไม่ว่าจะเป็น ห้องอาบน้ำ, ห้องแต่งตัว สำหรับสุภาพบุรุษ และ สุภาพสตรี, แผ่นรองฝึกโยคะ, อุปกรณ์ที่ช่วยในการฝึกโยคะ, ตู้เก็บของ, free wifi, ที่จอดรถกว้างขวาง และระบบฟอกอากาศ เพื่ออากาศที่บริสุทธิ์ขณะออกกำลังกาย', '2017-02-06 01:00:00', '2017-04-08 08:49:01'),
(34, 'Evolve Boxing Studio', 'อีโวบ บอกซิงค์ สตูดิโอ', '48/1 อุ่นอารี ซอย 1 ตำบลศรีภูมิ อำเภอเมือง จังหวัดเชียงใหม่ 50200', 'https://www.facebook.com/evolveboxingstudio', '053-226-092', 18.797855, 98.993283, '1491666549.jpg', 'Evolve Boxing Studio ยิมมวยทันสมัย ใจกลางเมืองเชียงใหม่ ที่ครบครันไปด้วยเทรนเนอร์มืออาชีพ อุปกรณ์ฟิตเนสและเครื่องอำนวยความสะดวกไว้บริการลูกค้าทุกท่าน ในทุกระดับอายุ ทุกเพศ ทุกวัย', '2017-02-06 01:00:00', '2017-04-08 08:49:09'),
(35, 'YogaRoom89', 'โยคะรูม 89', 'เชียงใหม่ 89 พลาซ่า ตำบลหนองหอย อำเภอเมือง จังหวัดเชียงใหม่ 50000', 'https://www.facebook.com/YogaRoom89', '095-452-5757', 18.751968, 99.00874, '1491666558.jpg', 'โยคะรูม เป็น สตูดิโอ สอนโยคะ อยู่ในพื้นที่ เชียงใหม่ 89 พลาซ่า หนองหอย เชียงใหม่ ครูผู้สอน ของเรา เป็น กลุ่มครูโยคะ ผู้มีความหลงใหลในโยคะ ครูผู้สอนทุกคนมีประสบการณ์ ทั้งด้านการฝึกโยคะมาหลายปี รวมถึง มีประสบการณ์ ในการสอนโยคะ ให้แก่ สตูดิโอโยคะ ในเครือ ลานนาโยคะ อีกหลายสาขา ใน จ.เชียงใหม่', '2017-02-06 01:00:00', '2017-04-08 08:49:18'),
(36, 'Mueang Chiang Mai Stadium', 'สนามกีฬาเทศบาลนครเชียงใหม่', 'ถนนสนามกีฬา ตำบลศรีภูมิ อำเภอเมือง จังหวัดเชียงใหม่ 50200', '', '093-289-7366', 18.800805, 98.989454, '1491666574.jpg', 'สนามกีฬาเทศบาลนครเชียงใหม่ สถานที่ออกกำลังกายที่เก่าแก่ อยู่คู่เมืองเชียงใหม่มาช้านาน เดินทางไปมาสะดวกสบาย ฟิตเนสที่นี่มีเครื่องออกกำลังที่ได้มาตรฐานไม่แพ้ฟิตเนสอื่นๆเลย ใครที่ถนัดหรือชอบแบบไหนก็สามารถเลือกเล่นได้ทั้งแบบฟรีเวทและแบบเครื่องเล่น', '2017-02-06 01:00:00', '2017-04-08 08:49:34'),
(37, 'Suthep Stadium', 'สนามกีฬาเทศบาลตำบลสุเทพ', 'บ้านสันลมจอย หมู่13 ตำบลสุเทพ อำเภอเมือง จังหวัดเชียงใหม่ 50200', '', '', 18.767274, 98.941699, '1491666583.jpg', 'สนามกีฬาเทศบาลตำบลสุเทพ เป็นสนามกีฬาที่อยู่ท่ามกลางชนบทในหมู่บ้าน บรรยากาศเหมาะสำหรับออกกำลังกาย วิ่ง', '2017-02-06 01:00:00', '2017-04-08 08:49:43'),
(38, '700th Chiangmai Sports Complex', 'สนามกีฬาสมโภชเชียงใหม่ 700ปี', 'ตำบลดอนแก้ว อำเภอแม่ริม \r\nจังหวัดเชียงใหม่ 50180', '', '053-112-052', 18.841464, 98.964006, '1491666593.jpg', 'สนาม 700 ปีที่กว้างขวางนี้ยังถูกใช้่เป็นแหล่งพักผ่อนหย่อนใจของคนเมือง เนื่องจากมีต้นไม้ใหญ่จำนวนมาก นอกจากนี้ยังมีสนามเด็กเล่นที่ของเล่นยังอยู่ในสภาพดี เล่นได้ไม่ต้องกลัวลูกได้รับบาดเจ็บ เหมาะสำหรับครอบครัวในเมืองที่บ้านไม่มีพื้นที่มากนักให้ได้พาลูกไปวิ่งเล่น พาตัวเองไปออกกำลังกาย วิ่ง ปั่นจักรยาน รำมวยจีน คาราเต้ เเละกิจกรรมอีกมากมาย', '2017-02-06 01:00:00', '2017-04-08 08:49:53'),
(39, 'CMU Main Stadium', 'สนามกีฬากลางมหาวิทยาลัยเชียงใหม่', 'มหาวิทยาลับเชียงใหม่ ตำบลสุเทพ อำเภอเมือง จังหวัดเชียงใหม่ 50200', '', '095-681-6241', 18.797248, 98.956563, '1491666601.jpg', 'สำหรับท่านที่ชอบออกกำลังกายแบบโอเพ่นแอร์ก็ต้องที่นี่เลย ลานออกกำลังกาย มหาวิทยาลัยเชียงใหม่ ที่เปิดให้บริการตลอดเวลา โดยเครื่องออกกำลังกายของที่นี่ก็จะเป็นแบบเหล็ก ใครสะดวกตอนไหนก็สามารถไปเล่นได้ทุกเมื่อเชื่อวัน และที่สำคัญไม่เสียค่าบริการอีกด้วย ท่านไหนสนใจก็หอบลูกจูงหลานไปออกกำลังกายด้วยกันได้ เพราะมีเครื่องออกกำลังกายที่เล่นได้ทุกเพศ ทุกวัย', '2017-02-06 01:00:00', '2017-04-08 08:50:01'),
(40, 'Nong Buak Hard Park', 'สวนสาธารณะหนองบวกหาด', 'ถนนอารักษ์ ตำบลพระสิงห์ อำเภอเมือง จังหวัดเชียงใหม่\r\n50200', '', '082-382-7956', 18.782055, 98.979388, '1491666608.jpg', 'สวนสาธารณะหนองบวกหาด เป็นสถานที่พักผ่อน ด้วยบรรยากาศที่ร่มรื่น แวดล้อมไปด้วยต้นไม้นานาพรรณ มีสระน้ำ น้ำตก...', '2017-02-06 01:00:00', '2017-04-08 08:50:08'),
(41, 'Princess Mother Health Park', 'สวนสุขภาพมหาวิทยาลัยเชียงใหม่', 'ถนนนิมมานเหมินทร์ อำเภอเมืองเชียงใหม่ \r\nจังหวัดเชียงใหม่ 50200', '', '', 18.793912, 98.965253, '1491666673.jpg', 'สวนสุขภาพสมเด็จพระศรีครินทราบรมราชชนนี หรือ ที่ชาวเชียงใหม่เรียกกันว่า สวนสุขภาพมหาวิทยาลัยเชียงใหม่ สถานที่ออกกำลังกายยามเย็น ของคนเชียงใหม่ เป็นที่นิยมของนักศึกษามหาวิทยาลัยเชียงใหม่ สวนสุขภาพมหาวิทยาลัยเชียงใหม่...', '2017-02-06 01:00:00', '2017-04-08 08:51:13'),
(42, 'Royal Park Rajapruek', 'อุทยานหลวงราชพฤกษ์', 'ทางหลวงแผ่นดินหมายเลข 121 อำเภอเมืองเชียงใหม่ เชียงใหม่ 50100', 'www.royalparkrajapruek.org', '053-114-110', 18.748059, 98.924907, '1491666688.jpg', 'อุทยานหลวงราชพฤกษ์ นอกจากจะมีพันธุ์ไม้ต่างๆให้ชมเเล้ว ยังเป็นสถานที่ออกกำลังกายสำหรับครอบครัวได้อีกด้วย มีทั้งปั่นจักรยาน วิ่ง เเถมยังมีวิวเเละบรรยากาศที่ดีในการออกกำลังกายกันอีกด้วย', '2017-02-06 01:00:00', '2017-04-08 08:51:28'),
(43, 'Chiang Mai Railway Station Park', 'สวนสาธารณะสถานีรถไฟเชียงใหม่', 'ถนนเจริญเมือง  ตำบลวัดเกต อำเภอเมือง\r\nเชียงใหม่ เชียงใหม่ 50000', '', '', 18.783722, 99.016765, '1491666698.jpg', 'สวนสาธารณะสถานีรถไฟ ตั้งอยู่บริเวณตรงข้ามกับสถานีรถไฟเชียงใหม่ พื้นที่แห่งนี้การรถไฟแห่งประเทศไทยได้มอบให้สร้างเป็นสวนสาธารณะให้กับประชาชน เพื่อใช้เป็นสถานที่พักผ่อนหย่อนใจ และออกกำลังกายของคนเมือง ซึ่งเป็นสถานที่ที่เหมาะกับการออกกำลังกายยามเย็น บรรยากาศร่มรื่น อยู่ใจกลางตัวเมือง ไปมาสะดวก และยังมีสถาปัตยกรรมสวยๆให้ชมอีกด้วย', '2017-02-06 01:00:00', '2017-04-08 08:51:38'),
(44, 'Yoga Holic', 'โยคะ โฮลิค', '227/72-73 ซอย บ้านสันทรายต้นกอก 2 หมู่ 7 ตำบล สันผีเสื้อ อำเภอเมือง จังหวัดเชียงใหม่ 50300', 'www.ygholic.com', '088-269-5363', 18.837628, 99.0016, '1491666707.jpg', 'YogaHolic เป็นศูนย์กลางสำหรับชุมชนในการฝึกฝนและมีส่วนร่วมในโปรแกรมการออกกำลังกายแบบกลุ่มต่างๆของเรา เราจะส่งเสริมสุขภาพที่ดีและสร้างความเข้มแข็งให้กับร่างกายและจิตใจในสภาพแวดล้อมที่ปลอดภัยและสะอาด', '2017-02-06 01:00:00', '2017-04-08 08:51:47'),
(45, 'Freedom Yoga Chiang Mai', 'ฟรีดอม โยคะเชียงใหม่', '36-38 กำเเพงดิน ซอย1 ตำบลช้างม่อย อำเภอเมือง จังหวัดเชียงใหม่ 50100', 'www.freedomyogachiangmai.org', '084-369-4339', 18.786678, 98.997998, '1491666715.jpg', 'Freedom Yoga Chiang mai เราเป็นสตูดิโอโยคะแห่งใหม่ในเมืองเชียงใหม่ที่สวยงามเรารักโยคะเราชอบที่จะเห็นผู้คนสนุกกับการเติบโตจากการฝึกโยคะและเรารักที่จะสอนโยคะเมื่อเราพูดว่าโยคะเราไม่ได้หมายถึงลักษณะทางกายภาพเท่านั้น ของโยคะรู้เป็นโพสท่าหรืออาสนะ แต่ยังมีแนวคิดทางจิตวิญญาณที่เป็นโยคะ มีโยคะสามารถให้ร่างกายที่แข็งแรงยืดหยุ่นและกระชับสามารถช่วยแก้อาการปวดหลังอาการปวดตะโพกและโรคอื่น ๆ นับไม่ถ้วน แต่นี่เป็นเพียงส่วนเล็ก ๆ ของสิ่งที่โยคะมอบให้อย่างแท้จริงมันยิ่งลึกกว่าผลประโยชน์ทางร่างกายเท่านั้น ที่อาจพบกับตาที่ไม่ได้รับการฝึกฝน', '2017-02-06 01:00:00', '2017-04-08 08:51:55'),
(46, 'Chiang Mai Dragon Muay Thai Gym', 'เชียงใหม่ดราก้อน มวยไทยยิม', '14 ซอย4 ถนนสิงหราช ตำบลศรีภูมิ อำเภอเมือง จังหวัดเชียงใหม่ 50200', 'www.facebook.com/Chiang.Mai.Dragon.Gym', '082-037-4643', 18.793742, 98.984196, '1491666724.jpg', 'มาเรียนมวยไทยเพื่อสุขภาพกันครับ สนใจเรียนมวยไทย ในบรรยากาศที่เป็นกันเอง ราคาไม่แพง รับสอนมวยไทย ทั้งเด็กและผู้ใหญ่แบบprivateและแบบกลุ่ม เรียนเพื่อป้องกันตัว ออกกำลังกายและยังลดน้ำหนัก ไม่ว่าแบบรายวัน รายเดือน', '2017-02-06 01:00:00', '2017-04-08 08:52:04'),
(47, 'Pilates Plus Studio Mee Chok Plaza', 'พิลาทิส พลัส สตูดิโอ สาขามีโชคพลาซ่า', 'ชั้น 3 มีโชคพลาซ่า ตำบลฟ้าฮ่าม อำเภอเมือง จังหวัดเชียงใหม่ 50000', 'www.facebook.com/PilatesPlusChiangmai', '053-230-421', 18.823733, 99.011471, '1491666733.jpg', 'การออกกำลังกายในปัจจุบัน มีมากมายหลายชนิด แต่ละชนิด ก็ได้รับประโยชน์ที่แตกต่างกันไป การออกกำลังกายในบางครั้ง ต้องเข้าใจว่าเราจะเลือกที่ใจเราชอบไม่ได้ แต่เราจงเลือกที่ร่างกายเราต้องการจึงจะเหมาะสมที่สุด \r\nพิลาทิส พลัส สตูดิโอ ขอเอาใจช่วยผู้ที่เริ่มต้นออกกำลังกายทุกท่านนะคะ', '2017-02-06 01:00:00', '2017-04-08 08:52:13'),
(48, 'Tantra Yoga Chiang Mai', 'ธารตรา โยคะเชียงใหม่', '49 ถนนช่างหล่อ ตำบลหายยา อำเภอเมือง จังหวัดเชียงใหม่ 50200', 'www.tantrayogathailand.com', '061-378-4194', 18.780941, 98.985643, '1491666741.jpg', 'ห้องเรียนการฝึกอบรมและการพักผ่อนทั้งหมดของเราจะถูกเก็บไว้โดยครูสอนโยคะที่มีคุณสมบัติเหมาะสมของ Atman International Federation of Yoga and Meditation นักเรียนทุกคนที่เข้าร่วมในชั้นเรียนการฝึกซ้อมและการอบรมเชิงปฏิบัติการของเราจะได้รับเชิญให้ปรึกษาครูเกี่ยวกับการปฏิบัติสุขภาพและวิถีชีวิตเพื่อรับการสนับสนุนการเติบโตและการปฏิบัติของตนเอง', '2017-02-06 01:00:00', '2017-04-08 08:52:21'),
(49, 'Yocat Yoga', 'โยเเคท โยคะ', 'ชั้น 1 ใต้อาคารฟอร์เรสฮิลล์ ซอยวัดอุโมงค์ ตำบลสุเทพ อำเภอเมือง จังหวัดเชียงใหม่ 50200', 'www.yocat.weebly.com', '081-870-4709', 18.779383, 98.95044, '1491666751.jpg', 'YOCAT YOGA STUDIO ก่อตั้งโดยครูแพร และครูจิ๊บ เป็นการฝึกโยคะในสไตล์\r\nExercise Yoga สามารถฝึกได้ตั้งแต่ระดับเบสิค ไปจนระดับแอดวานส์​มาร่วมแชร์พลังงานกันนะคะ', '2017-02-06 01:00:00', '2017-04-08 08:52:31'),
(50, 'Weena Yogasana', 'วีนา โยคะสานา', 'The Ring ซอย 17 ถนนนิมมานเหมินทร์ ตำบลสถเทพ อำเภอเมือง จังหวัดเชียงใหม่ 50200', 'www.weenayogasana.com', '085-353-8108', 18.795188, 98.967758, '1491666759.jpg', 'Weena Yogasana เป็นสตูดิโอโยคะในเชียงใหม่ ที่มีเป้าหมายคือการให้คำแนะนำที่ดีที่สุดในสภาพแวดล้อมที่เป็นมิตรและอบอุ่น สไตล์การสอนของคือการทำให้มันเรียบง่ายและสนุกสนาน ชั้นเรียนมีขนาดเล็กซึ่งสามารถให้เวลาและความสนใจของนักเรียนได้มากขึ้น โดยเฉพาะผู้ที่ยังใหม่กับโยคะหรือความสามารถที่จำกัด ที่นี่สอนโดยทั่วไป 4 ชั้นเรียนตั้งแต่โยคะสำหรับผู้เริ่มต้นเรียนจนถึงนักเรียนที่ก้าวหน้ากว่า', '2017-02-06 01:00:00', '2017-04-08 08:52:39');

-- --------------------------------------------------------

--
-- Table structure for table `fitness_class`
--

CREATE TABLE `fitness_class` (
  `fitness_id` int(10) UNSIGNED NOT NULL,
  `classes_id` int(10) UNSIGNED NOT NULL,
  `created_at` timestamp NOT NULL,
  `updated_at` timestamp NOT NULL
) ENGINE=InnoDB DEFAULT CHARSET=utf8;

--
-- Dumping data for table `fitness_class`
--

INSERT INTO `fitness_class` (`fitness_id`, `classes_id`, `created_at`, `updated_at`) VALUES
(1, 39, '2017-04-23 18:25:12', '2017-04-23 18:25:12'),
(1, 41, '2017-04-23 18:25:12', '2017-04-23 18:25:12'),
(2, 39, '2017-04-23 18:25:12', '2017-04-23 18:25:12'),
(2, 42, '2017-04-23 18:25:12', '2017-04-23 18:25:12'),
(2, 43, '2017-04-23 18:25:12', '2017-04-23 18:25:12'),
(2, 48, '2017-04-23 18:25:12', '2017-04-23 18:25:12'),
(3, 8, '2017-04-23 18:25:12', '2017-04-23 18:25:12'),
(3, 13, '2017-04-23 18:25:12', '2017-04-23 18:25:12'),
(3, 39, '2017-04-23 18:25:12', '2017-04-23 18:25:12'),
(3, 54, '2017-04-23 18:25:12', '2017-04-23 18:25:12'),
(4, 1, '2017-04-23 18:25:12', '2017-04-23 18:25:12'),
(4, 13, '2017-04-23 18:25:12', '2017-04-23 18:25:12'),
(4, 39, '2017-04-23 18:25:12', '2017-04-23 18:25:12'),
(5, 20, '2017-04-23 18:25:12', '2017-04-23 18:25:12'),
(5, 39, '2017-04-23 18:25:12', '2017-04-23 18:25:12'),
(6, 17, '2017-04-23 18:25:13', '2017-04-23 18:25:13'),
(6, 18, '2017-04-23 18:25:13', '2017-04-23 18:25:13'),
(6, 19, '2017-04-23 18:25:13', '2017-04-23 18:25:13'),
(6, 20, '2017-04-23 18:25:13', '2017-04-23 18:25:13'),
(6, 39, '2017-04-23 18:25:13', '2017-04-23 18:25:13'),
(6, 41, '2017-04-23 18:25:13', '2017-04-23 18:25:13'),
(6, 44, '2017-04-23 18:25:13', '2017-04-23 18:25:13'),
(7, 39, '2017-04-23 18:25:13', '2017-04-23 18:25:13'),
(8, 39, '2017-04-23 18:25:13', '2017-04-23 18:25:13'),
(9, 39, '2017-04-23 18:25:13', '2017-04-23 18:25:13'),
(10, 2, '2017-04-23 18:25:13', '2017-04-23 18:25:13'),
(10, 3, '2017-04-23 18:25:13', '2017-04-23 18:25:13'),
(10, 6, '2017-04-23 18:25:13', '2017-04-23 18:25:13'),
(10, 9, '2017-04-23 18:25:13', '2017-04-23 18:25:13'),
(10, 13, '2017-04-23 18:25:13', '2017-04-23 18:25:13'),
(10, 15, '2017-04-23 18:25:13', '2017-04-23 18:25:13'),
(10, 26, '2017-04-23 18:25:13', '2017-04-23 18:25:13'),
(10, 29, '2017-04-23 18:25:13', '2017-04-23 18:25:13'),
(10, 32, '2017-04-23 18:25:13', '2017-04-23 18:25:13'),
(11, 2, '2017-04-23 18:25:13', '2017-04-23 18:25:13'),
(11, 3, '2017-04-23 18:25:14', '2017-04-23 18:25:14'),
(11, 6, '2017-04-23 18:25:14', '2017-04-23 18:25:14'),
(11, 8, '2017-04-23 18:25:14', '2017-04-23 18:25:14'),
(11, 13, '2017-04-23 18:25:14', '2017-04-23 18:25:14'),
(11, 16, '2017-04-23 18:25:14', '2017-04-23 18:25:14'),
(11, 21, '2017-04-23 18:25:14', '2017-04-23 18:25:14'),
(11, 27, '2017-04-23 18:25:14', '2017-04-23 18:25:14'),
(11, 32, '2017-04-23 18:25:14', '2017-04-23 18:25:14'),
(11, 39, '2017-04-23 18:25:14', '2017-04-23 18:25:14'),
(11, 52, '2017-04-23 18:25:14', '2017-04-23 18:25:14'),
(12, 1, '2017-04-23 18:25:14', '2017-04-23 18:25:14'),
(12, 6, '2017-04-23 18:25:14', '2017-04-23 18:25:14'),
(12, 8, '2017-04-23 18:25:14', '2017-04-23 18:25:14'),
(12, 13, '2017-04-23 18:25:14', '2017-04-23 18:25:14'),
(12, 15, '2017-04-23 18:25:14', '2017-04-23 18:25:14'),
(12, 20, '2017-04-23 18:25:14', '2017-04-23 18:25:14'),
(12, 28, '2017-04-23 18:25:14', '2017-04-23 18:25:14'),
(12, 37, '2017-04-23 18:25:14', '2017-04-23 18:25:14'),
(12, 38, '2017-04-23 18:25:14', '2017-04-23 18:25:14'),
(12, 45, '2017-04-23 18:25:14', '2017-04-23 18:25:14'),
(13, 1, '2017-04-23 18:25:14', '2017-04-23 18:25:14'),
(13, 2, '2017-04-23 18:25:14', '2017-04-23 18:25:14'),
(13, 3, '2017-04-23 18:25:14', '2017-04-23 18:25:14'),
(13, 6, '2017-04-23 18:25:14', '2017-04-23 18:25:14'),
(13, 8, '2017-04-23 18:25:14', '2017-04-23 18:25:14'),
(13, 10, '2017-04-23 18:25:14', '2017-04-23 18:25:14'),
(13, 13, '2017-04-23 18:25:14', '2017-04-23 18:25:14'),
(13, 15, '2017-04-23 18:25:14', '2017-04-23 18:25:14'),
(13, 16, '2017-04-23 18:25:14', '2017-04-23 18:25:14'),
(13, 38, '2017-04-23 18:25:14', '2017-04-23 18:25:14'),
(13, 53, '2017-04-23 18:25:15', '2017-04-23 18:25:15'),
(13, 54, '2017-04-23 18:25:15', '2017-04-23 18:25:15'),
(14, 39, '2017-04-23 18:25:15', '2017-04-23 18:25:15'),
(15, 2, '2017-04-23 18:25:15', '2017-04-23 18:25:15'),
(15, 3, '2017-04-23 18:25:15', '2017-04-23 18:25:15'),
(15, 4, '2017-04-23 18:25:15', '2017-04-23 18:25:15'),
(15, 5, '2017-04-23 18:25:15', '2017-04-23 18:25:15'),
(15, 6, '2017-04-23 18:25:15', '2017-04-23 18:25:15'),
(15, 11, '2017-04-23 18:25:15', '2017-04-23 18:25:15'),
(15, 12, '2017-04-23 18:25:15', '2017-04-23 18:25:15'),
(15, 13, '2017-04-23 18:25:15', '2017-04-23 18:25:15'),
(15, 16, '2017-04-23 18:25:15', '2017-04-23 18:25:15'),
(15, 24, '2017-04-23 18:25:15', '2017-04-23 18:25:15'),
(15, 27, '2017-04-23 18:25:15', '2017-04-23 18:25:15'),
(15, 28, '2017-04-23 18:25:15', '2017-04-23 18:25:15'),
(15, 29, '2017-04-23 18:25:15', '2017-04-23 18:25:15'),
(15, 32, '2017-04-23 18:25:15', '2017-04-23 18:25:15'),
(15, 33, '2017-04-23 18:25:15', '2017-04-23 18:25:15'),
(15, 35, '2017-04-23 18:25:15', '2017-04-23 18:25:15'),
(15, 37, '2017-04-23 18:25:15', '2017-04-23 18:25:15'),
(15, 38, '2017-04-23 18:25:15', '2017-04-23 18:25:15'),
(15, 39, '2017-04-23 18:25:15', '2017-04-23 18:25:15'),
(15, 40, '2017-04-23 18:25:15', '2017-04-23 18:25:15'),
(16, 8, '2017-04-23 18:25:15', '2017-04-23 18:25:15'),
(16, 13, '2017-04-23 18:25:15', '2017-04-23 18:25:15'),
(16, 27, '2017-04-23 18:25:15', '2017-04-23 18:25:15'),
(16, 32, '2017-04-23 18:25:15', '2017-04-23 18:25:15'),
(16, 39, '2017-04-23 18:25:15', '2017-04-23 18:25:15'),
(16, 51, '2017-04-23 18:25:15', '2017-04-23 18:25:15'),
(16, 54, '2017-04-23 18:25:15', '2017-04-23 18:25:15'),
(17, 10, '2017-04-23 18:25:15', '2017-04-23 18:25:15'),
(17, 11, '2017-04-23 18:25:15', '2017-04-23 18:25:15'),
(17, 13, '2017-04-23 18:25:15', '2017-04-23 18:25:15'),
(17, 20, '2017-04-23 18:25:15', '2017-04-23 18:25:15'),
(17, 29, '2017-04-23 18:25:15', '2017-04-23 18:25:15'),
(17, 39, '2017-04-23 18:25:15', '2017-04-23 18:25:15'),
(17, 43, '2017-04-23 18:25:15', '2017-04-23 18:25:15'),
(18, 39, '2017-04-23 18:25:15', '2017-04-23 18:25:15'),
(19, 2, '2017-04-23 18:25:16', '2017-04-23 18:25:16'),
(19, 3, '2017-04-23 18:25:16', '2017-04-23 18:25:16'),
(19, 13, '2017-04-23 18:25:16', '2017-04-23 18:25:16'),
(19, 16, '2017-04-23 18:25:16', '2017-04-23 18:25:16'),
(19, 34, '2017-04-23 18:25:16', '2017-04-23 18:25:16'),
(19, 39, '2017-04-23 18:25:16', '2017-04-23 18:25:16'),
(19, 51, '2017-04-23 18:25:16', '2017-04-23 18:25:16'),
(19, 52, '2017-04-23 18:25:16', '2017-04-23 18:25:16'),
(19, 54, '2017-04-23 18:25:16', '2017-04-23 18:25:16'),
(20, 20, '2017-04-23 18:25:16', '2017-04-23 18:25:16'),
(21, 54, '2017-04-23 18:25:16', '2017-04-23 18:25:16'),
(22, 20, '2017-04-23 18:25:16', '2017-04-23 18:25:16'),
(23, 20, '2017-04-23 18:25:16', '2017-04-23 18:25:16'),
(24, 20, '2017-04-23 18:25:16', '2017-04-23 18:25:16'),
(25, 20, '2017-04-23 18:25:16', '2017-04-23 18:25:16'),
(26, 19, '2017-04-23 18:25:16', '2017-04-23 18:25:16'),
(26, 20, '2017-04-23 18:25:16', '2017-04-23 18:25:16'),
(26, 21, '2017-04-23 18:25:16', '2017-04-23 18:25:16'),
(26, 39, '2017-04-23 18:25:16', '2017-04-23 18:25:16'),
(27, 54, '2017-04-23 18:25:16', '2017-04-23 18:25:16'),
(28, 7, '2017-04-23 18:22:15', '2017-04-23 18:22:15'),
(28, 17, '2017-04-23 18:22:15', '2017-04-23 18:22:15'),
(28, 19, '2017-04-23 18:22:15', '2017-04-23 18:22:15'),
(28, 20, '2017-04-23 18:22:15', '2017-04-23 18:22:15'),
(28, 21, '2017-04-23 18:22:15', '2017-04-23 18:22:15'),
(28, 22, '2017-04-23 18:22:15', '2017-04-23 18:22:15'),
(28, 39, '2017-04-23 18:22:15', '2017-04-23 18:22:15'),
(28, 41, '2017-04-23 18:22:15', '2017-04-23 18:22:15'),
(28, 49, '2017-04-23 18:22:15', '2017-04-23 18:22:15'),
(29, 54, '2017-04-23 18:22:15', '2017-04-23 18:22:15'),
(30, 23, '2017-04-23 18:22:15', '2017-04-23 18:22:15'),
(30, 26, '2017-04-23 18:22:15', '2017-04-23 18:22:15'),
(30, 30, '2017-04-23 18:22:15', '2017-04-23 18:22:15'),
(30, 32, '2017-04-23 18:22:15', '2017-04-23 18:22:15'),
(30, 33, '2017-04-23 18:22:15', '2017-04-23 18:22:15'),
(30, 54, '2017-04-23 18:22:15', '2017-04-23 18:22:15'),
(31, 7, '2017-04-23 18:22:15', '2017-04-23 18:22:15'),
(31, 24, '2017-04-23 18:22:15', '2017-04-23 18:22:15'),
(31, 25, '2017-04-23 18:22:15', '2017-04-23 18:22:15'),
(31, 32, '2017-04-23 18:22:15', '2017-04-23 18:22:15'),
(31, 33, '2017-04-23 18:22:15', '2017-04-23 18:22:15'),
(31, 54, '2017-04-23 18:22:15', '2017-04-23 18:22:15'),
(32, 27, '2017-04-23 18:22:15', '2017-04-23 18:22:15'),
(32, 31, '2017-04-23 18:22:15', '2017-04-23 18:22:15'),
(32, 32, '2017-04-23 18:22:15', '2017-04-23 18:22:15'),
(32, 54, '2017-04-23 18:22:15', '2017-04-23 18:22:15'),
(33, 5, '2017-04-23 18:22:15', '2017-04-23 18:22:15'),
(33, 7, '2017-04-23 18:22:15', '2017-04-23 18:22:15'),
(33, 13, '2017-04-23 18:22:15', '2017-04-23 18:22:15'),
(33, 14, '2017-04-23 18:22:15', '2017-04-23 18:22:15'),
(33, 24, '2017-04-23 18:22:15', '2017-04-23 18:22:15'),
(33, 27, '2017-04-23 18:22:15', '2017-04-23 18:22:15'),
(33, 32, '2017-04-23 18:22:15', '2017-04-23 18:22:15'),
(33, 36, '2017-04-23 18:22:15', '2017-04-23 18:22:15'),
(33, 54, '2017-04-23 18:22:15', '2017-04-23 18:22:15'),
(34, 54, '2017-04-23 18:22:15', '2017-04-23 18:22:15'),
(35, 54, '2017-04-23 18:22:15', '2017-04-23 18:22:15'),
(36, 15, '2017-04-23 18:22:15', '2017-04-23 18:22:15'),
(36, 46, '2017-04-23 18:22:15', '2017-04-23 18:22:15'),
(36, 47, '2017-04-23 18:22:15', '2017-04-23 18:22:15'),
(36, 49, '2017-04-23 18:22:15', '2017-04-23 18:22:15'),
(36, 51, '2017-04-23 18:22:15', '2017-04-23 18:22:15'),
(37, 46, '2017-04-23 18:22:15', '2017-04-23 18:22:15'),
(37, 47, '2017-04-23 18:22:15', '2017-04-23 18:22:15'),
(37, 49, '2017-04-23 18:22:15', '2017-04-23 18:22:15'),
(38, 39, '2017-04-23 18:22:15', '2017-04-23 18:22:15'),
(38, 46, '2017-04-23 18:22:15', '2017-04-23 18:22:15'),
(38, 47, '2017-04-23 18:22:15', '2017-04-23 18:22:15'),
(38, 49, '2017-04-23 18:22:15', '2017-04-23 18:22:15'),
(38, 51, '2017-04-23 18:22:15', '2017-04-23 18:22:15'),
(39, 47, '2017-04-23 18:22:15', '2017-04-23 18:22:15'),
(39, 49, '2017-04-23 18:22:15', '2017-04-23 18:22:15'),
(40, 49, '2017-04-23 18:22:15', '2017-04-23 18:22:15'),
(40, 50, '2017-04-23 18:22:15', '2017-04-23 18:22:15'),
(41, 49, '2017-04-23 18:22:15', '2017-04-23 18:22:15'),
(42, 15, '2017-04-23 18:22:15', '2017-04-23 18:22:15'),
(42, 49, '2017-04-23 18:22:15', '2017-04-23 18:22:15'),
(43, 15, '2017-04-23 18:22:15', '2017-04-23 18:22:15'),
(43, 49, '2017-04-23 18:22:15', '2017-04-23 18:22:15'),
(44, 7, '2017-04-23 18:22:15', '2017-04-23 18:22:15'),
(44, 24, '2017-04-23 18:22:15', '2017-04-23 18:22:15'),
(44, 33, '2017-04-23 18:22:15', '2017-04-23 18:22:15'),
(44, 35, '2017-04-23 18:22:15', '2017-04-23 18:22:15'),
(44, 41, '2017-04-23 18:22:15', '2017-04-23 18:22:15'),
(44, 54, '2017-04-23 18:22:15', '2017-04-23 18:22:15'),
(45, 32, '2017-04-23 18:22:15', '2017-04-23 18:22:15'),
(45, 54, '2017-04-23 18:22:15', '2017-04-23 18:22:15'),
(46, 20, '2017-04-23 18:22:15', '2017-04-23 18:22:15'),
(47, 28, '2017-04-23 18:22:15', '2017-04-23 18:22:15'),
(47, 29, '2017-04-23 18:22:15', '2017-04-23 18:22:15'),
(47, 41, '2017-04-23 18:22:15', '2017-04-23 18:22:15'),
(47, 43, '2017-04-23 18:22:15', '2017-04-23 18:22:15'),
(48, 54, '2017-04-23 18:22:15', '2017-04-23 18:22:15'),
(49, 32, '2017-04-23 18:22:15', '2017-04-23 18:22:15'),
(49, 35, '2017-04-23 18:22:15', '2017-04-23 18:22:15'),
(49, 54, '2017-04-23 18:22:15', '2017-04-23 18:22:15'),
(50, 24, '2017-04-23 18:22:15', '2017-04-23 18:22:15'),
(50, 27, '2017-04-23 18:22:15', '2017-04-23 18:22:15'),
(50, 32, '2017-04-23 18:22:15', '2017-04-23 18:22:15'),
(50, 54, '2017-04-23 18:22:15', '2017-04-23 18:22:15');

-- --------------------------------------------------------

--
-- Table structure for table `fitness_typesports`
--

CREATE TABLE `fitness_typesports` (
  `fitness_id` int(10) UNSIGNED NOT NULL,
  `typesport_id` int(10) UNSIGNED NOT NULL,
  `created_at` timestamp NULL DEFAULT NULL,
  `updated_at` timestamp NULL DEFAULT NULL
) ENGINE=InnoDB DEFAULT CHARSET=utf8;

--
-- Dumping data for table `fitness_typesports`
--

INSERT INTO `fitness_typesports` (`fitness_id`, `typesport_id`, `created_at`, `updated_at`) VALUES
(1, 6, '2017-03-12 18:00:00', '2017-03-12 18:00:00'),
(2, 6, '2017-03-12 18:00:00', '2017-03-12 18:00:00'),
(3, 6, '2017-03-12 18:00:00', '2017-03-12 18:00:00'),
(3, 7, '2017-03-12 18:00:00', '2017-03-12 18:00:00'),
(4, 1, '2017-03-12 18:00:00', '2017-03-12 18:00:00'),
(4, 2, '2017-03-12 18:00:00', '2017-03-12 18:00:00'),
(4, 6, '2017-03-12 18:00:00', '2017-03-12 18:00:00'),
(5, 4, '2017-03-12 18:00:00', '2017-03-12 18:00:00'),
(5, 6, '2017-03-12 18:00:00', '2017-03-12 18:00:00'),
(6, 4, '2017-03-12 18:00:00', '2017-03-12 18:00:00'),
(6, 6, '2017-03-12 18:00:00', '2017-03-12 18:00:00'),
(7, 6, '2017-03-12 18:00:00', '2017-03-12 18:00:00'),
(8, 6, '2017-03-12 18:00:00', '2017-03-12 18:00:00'),
(9, 6, '2017-03-12 18:00:00', '2017-03-12 18:00:00'),
(10, 2, '2017-03-12 18:00:00', '2017-03-12 18:00:00'),
(10, 3, '2017-03-12 18:00:00', '2017-03-12 18:00:00'),
(10, 4, '2017-03-12 18:00:00', '2017-03-12 18:00:00'),
(10, 6, '2017-03-12 18:00:00', '2017-03-12 18:00:00'),
(10, 7, '2017-03-12 18:00:00', '2017-03-12 18:00:00'),
(11, 1, '2017-03-12 18:00:00', '2017-03-12 18:00:00'),
(11, 2, '2017-03-12 18:00:00', '2017-03-12 18:00:00'),
(11, 3, '2017-03-12 18:00:00', '2017-03-12 18:00:00'),
(11, 4, '2017-03-12 18:00:00', '2017-03-12 18:00:00'),
(11, 5, '2017-03-12 18:00:00', '2017-03-12 18:00:00'),
(11, 6, '2017-03-12 18:00:00', '2017-03-12 18:00:00'),
(11, 7, '2017-03-12 18:00:00', '2017-03-12 18:00:00'),
(12, 1, '2017-03-12 18:00:00', '2017-03-12 18:00:00'),
(12, 2, '2017-03-12 18:00:00', '2017-03-12 18:00:00'),
(12, 3, '2017-03-12 18:00:00', '2017-03-12 18:00:00'),
(12, 6, '2017-03-12 18:00:00', '2017-03-12 18:00:00'),
(12, 7, '2017-03-12 18:00:00', '2017-03-12 18:00:00'),
(13, 1, '2017-03-12 18:00:00', '2017-03-12 18:00:00'),
(13, 2, '2017-03-12 18:00:00', '2017-03-12 18:00:00'),
(13, 3, '2017-03-12 18:00:00', '2017-03-12 18:00:00'),
(13, 6, '2017-03-12 18:00:00', '2017-03-12 18:00:00'),
(13, 7, '2017-03-12 18:00:00', '2017-03-12 18:00:00'),
(14, 6, '2017-03-12 18:00:00', '2017-03-12 18:00:00'),
(15, 1, '2017-03-12 18:00:00', '2017-03-12 18:00:00'),
(15, 3, '2017-03-12 18:00:00', '2017-03-12 18:00:00'),
(15, 6, '2017-03-12 18:00:00', '2017-03-12 18:00:00'),
(15, 7, '2017-03-12 18:00:00', '2017-03-12 18:00:00'),
(16, 1, '2017-03-12 18:00:00', '2017-03-12 18:00:00'),
(16, 5, '2017-03-12 18:00:00', '2017-03-12 18:00:00'),
(16, 6, '2017-03-12 18:00:00', '2017-03-12 18:00:00'),
(16, 7, '2017-03-12 18:00:00', '2017-03-12 18:00:00'),
(17, 1, '2017-03-12 18:00:00', '2017-03-12 18:00:00'),
(17, 3, '2017-03-12 18:00:00', '2017-03-12 18:00:00'),
(17, 4, '2017-03-12 18:00:00', '2017-03-12 18:00:00'),
(17, 6, '2017-03-12 18:00:00', '2017-03-12 18:00:00'),
(17, 7, '2017-03-12 18:00:00', '2017-03-12 18:00:00'),
(18, 6, '2017-03-12 18:00:00', '2017-03-12 18:00:00'),
(19, 1, '2017-03-12 18:00:00', '2017-03-12 18:00:00'),
(19, 3, '2017-03-12 18:00:00', '2017-03-12 18:00:00'),
(19, 5, '2017-03-12 18:00:00', '2017-03-12 18:00:00'),
(19, 6, '2017-03-12 18:00:00', '2017-03-12 18:00:00'),
(19, 7, '2017-03-12 18:00:00', '2017-03-12 18:00:00'),
(20, 4, '2017-03-12 18:00:00', '2017-03-12 18:00:00'),
(21, 7, '2017-03-12 18:00:00', '2017-03-12 18:00:00'),
(22, 4, '2017-03-12 18:00:00', '2017-03-12 18:00:00'),
(23, 4, '2017-03-12 18:00:00', '2017-03-12 18:00:00'),
(24, 4, '2017-03-12 18:00:00', '2017-03-12 18:00:00'),
(25, 4, '2017-03-12 18:00:00', '2017-03-12 18:00:00'),
(26, 4, '2017-03-12 18:00:00', '2017-03-12 18:00:00'),
(26, 6, '2017-03-12 18:00:00', '2017-03-12 18:00:00'),
(27, 7, '2017-03-12 18:00:00', '2017-03-12 18:00:00'),
(28, 2, '2017-03-12 18:00:00', '2017-03-12 18:00:00'),
(28, 4, '2017-03-12 18:00:00', '2017-03-12 18:00:00'),
(28, 5, '2017-03-12 18:00:00', '2017-03-12 18:00:00'),
(28, 6, '2017-03-12 18:00:00', '2017-03-12 18:00:00'),
(29, 7, '2017-03-12 18:00:00', '2017-03-12 18:00:00'),
(30, 1, '2017-03-12 18:00:00', '2017-03-12 18:00:00'),
(30, 7, '2017-03-12 18:00:00', '2017-03-12 18:00:00'),
(31, 1, '2017-03-12 18:00:00', '2017-03-12 18:00:00'),
(31, 2, '2017-03-12 18:00:00', '2017-03-12 18:00:00'),
(32, 7, '2017-03-12 18:00:00', '2017-03-12 18:00:00'),
(33, 1, '2017-03-12 18:00:00', '2017-03-12 18:00:00'),
(33, 7, '2017-03-12 18:00:00', '2017-03-12 18:00:00'),
(34, 4, '2017-03-12 18:00:00', '2017-03-12 18:00:00'),
(35, 7, '2017-03-12 18:00:00', '2017-03-12 18:00:00'),
(36, 5, '2017-03-12 18:00:00', '2017-03-12 18:00:00'),
(37, 5, '2017-03-12 18:00:00', '2017-03-12 18:00:00'),
(38, 5, '2017-03-12 18:00:00', '2017-03-12 18:00:00'),
(38, 6, '2017-03-12 18:00:00', '2017-03-12 18:00:00'),
(39, 5, '2017-03-12 18:00:00', '2017-03-12 18:00:00'),
(40, 5, '2017-03-12 18:00:00', '2017-03-12 18:00:00'),
(41, 5, '2017-03-12 18:00:00', '2017-03-12 18:00:00'),
(42, 3, '2017-03-12 18:00:00', '2017-03-12 18:00:00'),
(42, 5, '2017-03-12 18:00:00', '2017-03-12 18:00:00'),
(43, 5, '2017-03-12 18:00:00', '2017-03-12 18:00:00'),
(44, 2, '2017-03-12 18:00:00', '2017-03-12 18:00:00'),
(44, 6, '2017-03-12 18:00:00', '2017-03-12 18:00:00'),
(44, 7, '2017-03-12 18:00:00', '2017-03-12 18:00:00'),
(45, 7, '2017-03-12 18:00:00', '2017-03-12 18:00:00'),
(46, 4, '2017-03-12 18:00:00', '2017-03-12 18:00:00'),
(47, 3, '2017-03-12 18:00:00', '2017-03-12 18:00:00'),
(47, 6, '2017-03-12 18:00:00', '2017-03-12 18:00:00'),
(48, 7, '2017-03-12 18:00:00', '2017-03-12 18:00:00'),
(49, 7, '2017-03-12 18:00:00', '2017-03-12 18:00:00'),
(50, 7, '2017-03-12 18:00:00', '2017-03-12 18:00:00');

-- --------------------------------------------------------

--
-- Table structure for table `fitness_workservices`
--

CREATE TABLE `fitness_workservices` (
  `fitness_id` int(10) UNSIGNED NOT NULL,
  `workservice_id` int(10) UNSIGNED NOT NULL,
  `created_at` timestamp NOT NULL,
  `updated_at` timestamp NOT NULL
) ENGINE=InnoDB DEFAULT CHARSET=utf8;

--
-- Dumping data for table `fitness_workservices`
--

INSERT INTO `fitness_workservices` (`fitness_id`, `workservice_id`, `created_at`, `updated_at`) VALUES
(1, 1, '2017-04-24 09:34:52', '2017-04-24 09:34:52'),
(1, 2, '2017-04-24 09:34:52', '2017-04-24 09:34:52'),
(1, 3, '2017-04-24 09:34:52', '2017-04-24 09:34:52'),
(1, 4, '2017-04-24 09:34:52', '2017-04-24 09:34:52'),
(1, 5, '2017-04-24 09:34:52', '2017-04-24 09:34:52'),
(1, 6, '2017-04-24 09:34:52', '2017-04-24 09:34:52'),
(1, 7, '2017-04-24 09:34:52', '2017-04-24 09:34:52'),
(2, 8, '2017-04-24 09:34:52', '2017-04-24 09:34:52'),
(2, 9, '2017-04-24 09:34:52', '2017-04-24 09:34:52'),
(2, 10, '2017-04-24 09:34:52', '2017-04-24 09:34:52'),
(2, 11, '2017-04-24 09:34:52', '2017-04-24 09:34:52'),
(2, 12, '2017-04-24 09:34:52', '2017-04-24 09:34:52'),
(2, 13, '2017-04-24 09:34:52', '2017-04-24 09:34:52'),
(3, 14, '2017-04-24 09:34:52', '2017-04-24 09:34:52'),
(3, 15, '2017-04-24 09:34:52', '2017-04-24 09:34:52'),
(3, 16, '2017-04-24 09:34:52', '2017-04-24 09:34:52'),
(3, 17, '2017-04-24 09:34:52', '2017-04-24 09:34:52'),
(3, 18, '2017-04-24 09:34:52', '2017-04-24 09:34:52'),
(3, 19, '2017-04-24 09:34:52', '2017-04-24 09:34:52'),
(3, 20, '2017-04-24 09:34:52', '2017-04-24 09:34:52'),
(4, 21, '2017-04-24 09:34:52', '2017-04-24 09:34:52'),
(4, 22, '2017-04-24 09:34:52', '2017-04-24 09:34:52'),
(4, 23, '2017-04-24 09:34:52', '2017-04-24 09:34:52'),
(4, 24, '2017-04-24 09:34:52', '2017-04-24 09:34:52'),
(4, 25, '2017-04-24 09:34:52', '2017-04-24 09:34:52'),
(4, 26, '2017-04-24 09:34:52', '2017-04-24 09:34:52'),
(4, 27, '2017-04-24 09:34:52', '2017-04-24 09:34:52'),
(5, 21, '2017-04-24 09:34:52', '2017-04-24 09:34:52'),
(5, 22, '2017-04-24 09:34:52', '2017-04-24 09:34:52'),
(5, 23, '2017-04-24 09:34:52', '2017-04-24 09:34:52'),
(5, 24, '2017-04-24 09:34:52', '2017-04-24 09:34:52'),
(5, 25, '2017-04-24 09:34:52', '2017-04-24 09:34:52'),
(5, 26, '2017-04-24 09:34:52', '2017-04-24 09:34:52'),
(5, 27, '2017-04-24 09:34:52', '2017-04-24 09:34:52'),
(6, 28, '2017-04-24 09:34:52', '2017-04-24 09:34:52'),
(6, 29, '2017-04-24 09:34:52', '2017-04-24 09:34:52'),
(6, 30, '2017-04-24 09:34:52', '2017-04-24 09:34:52'),
(6, 31, '2017-04-24 09:34:52', '2017-04-24 09:34:52'),
(6, 32, '2017-04-24 09:34:52', '2017-04-24 09:34:52'),
(6, 33, '2017-04-24 09:34:52', '2017-04-24 09:34:52'),
(6, 34, '2017-04-24 09:34:52', '2017-04-24 09:34:52'),
(7, 35, '2017-04-24 09:34:52', '2017-04-24 09:34:52'),
(7, 36, '2017-04-24 09:34:52', '2017-04-24 09:34:52'),
(7, 37, '2017-04-24 09:34:52', '2017-04-24 09:34:52'),
(7, 38, '2017-04-24 09:34:52', '2017-04-24 09:34:52'),
(7, 39, '2017-04-24 09:34:52', '2017-04-24 09:34:52'),
(7, 40, '2017-04-24 09:34:52', '2017-04-24 09:34:52'),
(7, 41, '2017-04-24 09:34:52', '2017-04-24 09:34:52'),
(8, 42, '2017-04-24 09:34:52', '2017-04-24 09:34:52'),
(8, 43, '2017-04-24 09:34:52', '2017-04-24 09:34:52'),
(8, 44, '2017-04-24 09:34:52', '2017-04-24 09:34:52'),
(8, 45, '2017-04-24 09:34:52', '2017-04-24 09:34:52'),
(8, 46, '2017-04-24 09:34:52', '2017-04-24 09:34:52'),
(8, 47, '2017-04-24 09:34:52', '2017-04-24 09:34:52'),
(8, 48, '2017-04-24 09:34:52', '2017-04-24 09:34:52'),
(9, 14, '2017-04-24 09:34:52', '2017-04-24 09:34:52'),
(9, 15, '2017-04-24 09:34:52', '2017-04-24 09:34:52'),
(9, 16, '2017-04-24 09:34:52', '2017-04-24 09:34:52'),
(9, 17, '2017-04-24 09:34:52', '2017-04-24 09:34:52'),
(9, 18, '2017-04-24 09:34:52', '2017-04-24 09:34:52'),
(9, 49, '2017-04-24 09:34:52', '2017-04-24 09:34:52'),
(9, 50, '2017-04-24 09:34:52', '2017-04-24 09:34:52'),
(10, 28, '2017-04-24 09:34:52', '2017-04-24 09:34:52'),
(10, 29, '2017-04-24 09:34:52', '2017-04-24 09:34:52'),
(10, 30, '2017-04-24 09:34:52', '2017-04-24 09:34:52'),
(10, 31, '2017-04-24 09:34:52', '2017-04-24 09:34:52'),
(10, 32, '2017-04-24 09:34:52', '2017-04-24 09:34:52'),
(10, 51, '2017-04-24 09:34:52', '2017-04-24 09:34:52'),
(10, 52, '2017-04-24 09:34:52', '2017-04-24 09:34:52'),
(11, 53, '2017-04-24 09:34:52', '2017-04-24 09:34:52'),
(11, 54, '2017-04-24 09:34:52', '2017-04-24 09:34:52'),
(11, 55, '2017-04-24 09:34:52', '2017-04-24 09:34:52'),
(11, 56, '2017-04-24 09:34:52', '2017-04-24 09:34:52'),
(11, 57, '2017-04-24 09:34:52', '2017-04-24 09:34:52'),
(11, 58, '2017-04-24 09:34:52', '2017-04-24 09:34:52'),
(11, 59, '2017-04-24 09:34:52', '2017-04-24 09:34:52'),
(12, 51, '2017-04-24 09:34:52', '2017-04-24 09:34:52'),
(12, 60, '2017-04-24 09:34:52', '2017-04-24 09:34:52'),
(12, 61, '2017-04-24 09:34:52', '2017-04-24 09:34:52'),
(12, 62, '2017-04-24 09:34:52', '2017-04-24 09:34:52'),
(12, 63, '2017-04-24 09:34:52', '2017-04-24 09:34:52'),
(12, 64, '2017-04-24 09:34:52', '2017-04-24 09:34:52'),
(12, 65, '2017-04-24 09:34:52', '2017-04-24 09:34:52'),
(13, 12, '2017-04-24 09:34:52', '2017-04-24 09:34:52'),
(13, 13, '2017-04-24 09:34:52', '2017-04-24 09:34:52'),
(13, 53, '2017-04-24 09:34:52', '2017-04-24 09:34:52'),
(13, 54, '2017-04-24 09:34:52', '2017-04-24 09:34:52'),
(13, 55, '2017-04-24 09:34:52', '2017-04-24 09:34:52'),
(13, 56, '2017-04-24 09:34:52', '2017-04-24 09:34:52'),
(13, 57, '2017-04-24 09:34:52', '2017-04-24 09:34:52'),
(14, 8, '2017-04-24 09:34:52', '2017-04-24 09:34:52'),
(14, 9, '2017-04-24 09:34:52', '2017-04-24 09:34:52'),
(14, 10, '2017-04-24 09:34:52', '2017-04-24 09:34:52'),
(14, 11, '2017-04-24 09:34:52', '2017-04-24 09:34:52'),
(14, 12, '2017-04-24 09:34:52', '2017-04-24 09:34:52'),
(14, 66, '2017-04-24 09:34:52', '2017-04-24 09:34:52'),
(14, 67, '2017-04-24 09:34:52', '2017-04-24 09:34:52'),
(15, 42, '2017-04-24 09:34:52', '2017-04-24 09:34:52'),
(15, 43, '2017-04-24 09:34:52', '2017-04-24 09:34:52'),
(15, 44, '2017-04-24 09:34:52', '2017-04-24 09:34:52'),
(15, 45, '2017-04-24 09:34:52', '2017-04-24 09:34:52'),
(15, 46, '2017-04-24 09:34:52', '2017-04-24 09:34:52'),
(15, 47, '2017-04-24 09:34:52', '2017-04-24 09:34:52'),
(15, 48, '2017-04-24 09:34:52', '2017-04-24 09:34:52'),
(16, 14, '2017-04-24 09:34:52', '2017-04-24 09:34:52'),
(16, 15, '2017-04-24 09:34:52', '2017-04-24 09:34:52'),
(16, 16, '2017-04-24 09:34:52', '2017-04-24 09:34:52'),
(16, 17, '2017-04-24 09:34:52', '2017-04-24 09:34:52'),
(16, 18, '2017-04-24 09:34:52', '2017-04-24 09:34:52'),
(16, 19, '2017-04-24 09:34:52', '2017-04-24 09:34:52'),
(16, 20, '2017-04-24 09:34:52', '2017-04-24 09:34:52'),
(17, 68, '2017-04-24 09:34:52', '2017-04-24 09:34:52'),
(17, 69, '2017-04-24 09:34:52', '2017-04-24 09:34:52'),
(17, 70, '2017-04-24 09:34:52', '2017-04-24 09:34:52'),
(17, 71, '2017-04-24 09:34:52', '2017-04-24 09:34:52'),
(17, 72, '2017-04-24 09:34:52', '2017-04-24 09:34:52'),
(17, 73, '2017-04-24 09:34:52', '2017-04-24 09:34:52'),
(17, 74, '2017-04-24 09:34:52', '2017-04-24 09:34:52'),
(18, 75, '2017-04-24 09:34:52', '2017-04-24 09:34:52'),
(18, 76, '2017-04-24 09:34:52', '2017-04-24 09:34:52'),
(18, 77, '2017-04-24 09:34:52', '2017-04-24 09:34:52'),
(18, 78, '2017-04-24 09:34:52', '2017-04-24 09:34:52'),
(18, 79, '2017-04-24 09:34:52', '2017-04-24 09:34:52'),
(18, 80, '2017-04-24 09:34:52', '2017-04-24 09:34:52'),
(18, 81, '2017-04-24 09:34:52', '2017-04-24 09:34:52'),
(19, 82, '2017-04-24 09:34:52', '2017-04-24 09:34:52'),
(19, 83, '2017-04-24 09:34:52', '2017-04-24 09:34:52'),
(19, 84, '2017-04-24 09:34:52', '2017-04-24 09:34:52'),
(19, 85, '2017-04-24 09:34:52', '2017-04-24 09:34:52'),
(19, 86, '2017-04-24 09:34:52', '2017-04-24 09:34:52'),
(19, 87, '2017-04-24 09:34:52', '2017-04-24 09:34:52'),
(19, 88, '2017-04-24 09:34:52', '2017-04-24 09:34:52'),
(20, 89, '2017-04-24 09:34:52', '2017-04-24 09:34:52'),
(20, 90, '2017-04-24 09:34:52', '2017-04-24 09:34:52'),
(20, 91, '2017-04-24 09:34:52', '2017-04-24 09:34:52'),
(20, 92, '2017-04-24 09:34:52', '2017-04-24 09:34:52'),
(20, 93, '2017-04-24 09:34:52', '2017-04-24 09:34:52'),
(20, 94, '2017-04-24 09:34:52', '2017-04-24 09:34:52'),
(20, 95, '2017-04-24 09:34:52', '2017-04-24 09:34:52'),
(20, 96, '2017-04-24 09:34:52', '2017-04-24 09:34:52'),
(20, 97, '2017-04-24 09:34:52', '2017-04-24 09:34:52'),
(20, 98, '2017-04-24 09:34:52', '2017-04-24 09:34:52'),
(20, 99, '2017-04-24 09:34:52', '2017-04-24 09:34:52'),
(20, 100, '2017-04-24 09:34:52', '2017-04-24 09:34:52'),
(20, 101, '2017-04-24 09:34:52', '2017-04-24 09:34:52'),
(21, 102, '2017-04-24 09:34:52', '2017-04-24 09:34:52'),
(21, 103, '2017-04-24 09:34:52', '2017-04-24 09:34:52'),
(21, 104, '2017-04-24 09:34:52', '2017-04-24 09:34:52'),
(21, 105, '2017-04-24 09:34:52', '2017-04-24 09:34:52'),
(21, 106, '2017-04-24 09:34:52', '2017-04-24 09:34:52'),
(21, 107, '2017-04-24 09:34:52', '2017-04-24 09:34:52'),
(22, 8, '2017-04-24 09:34:52', '2017-04-24 09:34:52'),
(22, 9, '2017-04-24 09:34:52', '2017-04-24 09:34:52'),
(22, 10, '2017-04-24 09:34:52', '2017-04-24 09:34:52'),
(22, 11, '2017-04-24 09:34:52', '2017-04-24 09:34:52'),
(22, 12, '2017-04-24 09:34:52', '2017-04-24 09:34:52'),
(22, 13, '2017-04-24 09:34:52', '2017-04-24 09:34:52'),
(23, 108, '2017-04-24 09:34:52', '2017-04-24 09:34:52'),
(23, 109, '2017-04-24 09:34:52', '2017-04-24 09:34:52'),
(23, 110, '2017-04-24 09:34:52', '2017-04-24 09:34:52'),
(23, 111, '2017-04-24 09:34:52', '2017-04-24 09:34:52'),
(23, 112, '2017-04-24 09:34:52', '2017-04-24 09:34:52'),
(23, 113, '2017-04-24 09:34:52', '2017-04-24 09:34:52'),
(23, 114, '2017-04-24 09:34:52', '2017-04-24 09:34:52'),
(23, 115, '2017-04-24 09:34:52', '2017-04-24 09:34:52'),
(23, 116, '2017-04-24 09:34:52', '2017-04-24 09:34:52'),
(23, 117, '2017-04-24 09:34:52', '2017-04-24 09:34:52'),
(23, 118, '2017-04-24 09:34:52', '2017-04-24 09:34:52'),
(23, 119, '2017-04-24 09:34:52', '2017-04-24 09:34:52'),
(24, 120, '2017-04-24 09:34:52', '2017-04-24 09:34:52'),
(24, 121, '2017-04-24 09:34:52', '2017-04-24 09:34:52'),
(24, 122, '2017-04-24 09:34:52', '2017-04-24 09:34:52'),
(24, 123, '2017-04-24 09:34:52', '2017-04-24 09:34:52'),
(24, 124, '2017-04-24 09:34:52', '2017-04-24 09:34:52'),
(24, 125, '2017-04-24 09:34:52', '2017-04-24 09:34:52'),
(24, 126, '2017-04-24 09:34:52', '2017-04-24 09:34:52'),
(24, 127, '2017-04-24 09:34:52', '2017-04-24 09:34:52'),
(24, 128, '2017-04-24 09:34:52', '2017-04-24 09:34:52'),
(24, 129, '2017-04-24 09:34:52', '2017-04-24 09:34:52'),
(24, 130, '2017-04-24 09:34:52', '2017-04-24 09:34:52'),
(24, 131, '2017-04-24 09:34:52', '2017-04-24 09:34:52'),
(24, 132, '2017-04-24 09:34:52', '2017-04-24 09:34:52'),
(25, 8, '2017-04-24 09:34:52', '2017-04-24 09:34:52'),
(25, 9, '2017-04-24 09:34:52', '2017-04-24 09:34:52'),
(25, 10, '2017-04-24 09:34:52', '2017-04-24 09:34:52'),
(25, 11, '2017-04-24 09:34:52', '2017-04-24 09:34:52'),
(25, 12, '2017-04-24 09:34:52', '2017-04-24 09:34:52'),
(25, 13, '2017-04-24 09:34:52', '2017-04-24 09:34:52'),
(26, 95, '2017-04-24 09:34:52', '2017-04-24 09:34:52'),
(26, 96, '2017-04-24 09:34:52', '2017-04-24 09:34:52'),
(26, 98, '2017-04-24 09:34:52', '2017-04-24 09:34:52'),
(26, 133, '2017-04-24 09:34:52', '2017-04-24 09:34:52'),
(26, 134, '2017-04-24 09:34:52', '2017-04-24 09:34:52'),
(26, 135, '2017-04-24 09:34:52', '2017-04-24 09:34:52'),
(26, 136, '2017-04-24 09:34:52', '2017-04-24 09:34:52'),
(26, 137, '2017-04-24 09:34:52', '2017-04-24 09:34:52'),
(26, 138, '2017-04-24 09:34:52', '2017-04-24 09:34:52'),
(26, 139, '2017-04-24 09:34:52', '2017-04-24 09:34:52'),
(26, 140, '2017-04-24 09:34:52', '2017-04-24 09:34:52'),
(27, 141, '2017-04-24 09:34:52', '2017-04-24 09:34:52'),
(27, 142, '2017-04-24 09:34:52', '2017-04-24 09:34:52'),
(27, 143, '2017-04-24 09:34:52', '2017-04-24 09:34:52'),
(27, 144, '2017-04-24 09:34:52', '2017-04-24 09:34:52'),
(27, 145, '2017-04-24 09:34:52', '2017-04-24 09:34:52'),
(27, 146, '2017-04-24 09:34:52', '2017-04-24 09:34:52'),
(27, 147, '2017-04-24 09:34:52', '2017-04-24 09:34:52'),
(28, 148, '2017-04-24 09:34:52', '2017-04-24 09:34:52'),
(28, 149, '2017-04-24 09:34:52', '2017-04-24 09:34:52'),
(28, 150, '2017-04-24 09:34:52', '2017-04-24 09:34:52'),
(28, 151, '2017-04-24 09:34:52', '2017-04-24 09:34:52'),
(28, 152, '2017-04-24 09:34:52', '2017-04-24 09:34:52'),
(28, 153, '2017-04-24 09:34:52', '2017-04-24 09:34:52'),
(29, 154, '2017-04-24 09:34:52', '2017-04-24 09:34:52'),
(29, 155, '2017-04-24 09:34:52', '2017-04-24 09:34:52'),
(29, 156, '2017-04-24 09:34:52', '2017-04-24 09:34:52'),
(29, 157, '2017-04-24 09:34:52', '2017-04-24 09:34:52'),
(29, 158, '2017-04-24 09:34:52', '2017-04-24 09:34:52'),
(29, 159, '2017-04-24 09:34:52', '2017-04-24 09:34:52'),
(29, 160, '2017-04-24 09:34:52', '2017-04-24 09:34:52'),
(29, 161, '2017-04-24 09:34:52', '2017-04-24 09:34:52'),
(29, 162, '2017-04-24 09:34:52', '2017-04-24 09:34:52'),
(29, 163, '2017-04-24 09:34:52', '2017-04-24 09:34:52'),
(29, 164, '2017-04-24 09:34:52', '2017-04-24 09:34:52'),
(29, 165, '2017-04-24 09:34:52', '2017-04-24 09:34:52'),
(30, 166, '2017-04-24 09:34:52', '2017-04-24 09:34:52'),
(30, 167, '2017-04-24 09:34:52', '2017-04-24 09:34:52'),
(30, 168, '2017-04-24 09:34:52', '2017-04-24 09:34:52'),
(30, 169, '2017-04-24 09:34:52', '2017-04-24 09:34:52'),
(30, 170, '2017-04-24 09:34:52', '2017-04-24 09:34:52'),
(30, 171, '2017-04-24 09:34:52', '2017-04-24 09:34:52'),
(30, 172, '2017-04-24 09:34:52', '2017-04-24 09:34:52'),
(31, 173, '2017-04-24 09:34:52', '2017-04-24 09:34:52'),
(31, 174, '2017-04-24 09:34:52', '2017-04-24 09:34:52'),
(31, 175, '2017-04-24 09:34:52', '2017-04-24 09:34:52'),
(31, 176, '2017-04-24 09:34:52', '2017-04-24 09:34:52'),
(31, 177, '2017-04-24 09:34:52', '2017-04-24 09:34:52'),
(31, 178, '2017-04-24 09:34:52', '2017-04-24 09:34:52'),
(31, 179, '2017-04-24 09:34:52', '2017-04-24 09:34:52'),
(32, 180, '2017-04-24 09:34:52', '2017-04-24 09:34:52'),
(32, 181, '2017-04-24 09:34:52', '2017-04-24 09:34:52'),
(32, 182, '2017-04-24 09:34:52', '2017-04-24 09:34:52'),
(32, 183, '2017-04-24 09:34:52', '2017-04-24 09:34:52'),
(32, 184, '2017-04-24 09:34:52', '2017-04-24 09:34:52'),
(32, 185, '2017-04-24 09:34:52', '2017-04-24 09:34:52'),
(32, 186, '2017-04-24 09:34:52', '2017-04-24 09:34:52'),
(33, 187, '2017-04-24 09:34:52', '2017-04-24 09:34:52'),
(33, 188, '2017-04-24 09:34:52', '2017-04-24 09:34:52'),
(33, 189, '2017-04-24 09:34:52', '2017-04-24 09:34:52'),
(33, 190, '2017-04-24 09:34:52', '2017-04-24 09:34:52'),
(33, 191, '2017-04-24 09:34:52', '2017-04-24 09:34:52'),
(33, 192, '2017-04-24 09:34:52', '2017-04-24 09:34:52'),
(34, 8, '2017-04-24 09:34:52', '2017-04-24 09:34:52'),
(34, 9, '2017-04-24 09:34:52', '2017-04-24 09:34:52'),
(34, 10, '2017-04-24 09:34:52', '2017-04-24 09:34:52'),
(34, 11, '2017-04-24 09:34:52', '2017-04-24 09:34:52'),
(34, 12, '2017-04-24 09:34:52', '2017-04-24 09:34:52'),
(34, 13, '2017-04-24 09:34:52', '2017-04-24 09:34:52'),
(34, 193, '2017-04-24 09:34:52', '2017-04-24 09:34:52'),
(35, 194, '2017-04-24 09:34:52', '2017-04-24 09:34:52'),
(35, 195, '2017-04-24 09:34:52', '2017-04-24 09:34:52'),
(35, 196, '2017-04-24 09:34:52', '2017-04-24 09:34:52'),
(35, 197, '2017-04-24 09:34:52', '2017-04-24 09:34:52'),
(35, 198, '2017-04-24 09:34:52', '2017-04-24 09:34:52'),
(35, 199, '2017-04-24 09:34:52', '2017-04-24 09:34:52'),
(36, 200, '2017-04-24 09:34:52', '2017-04-24 09:34:52'),
(36, 201, '2017-04-24 09:34:52', '2017-04-24 09:34:52'),
(36, 202, '2017-04-24 09:34:52', '2017-04-24 09:34:52'),
(36, 203, '2017-04-24 09:34:52', '2017-04-24 09:34:52'),
(36, 204, '2017-04-24 09:34:52', '2017-04-24 09:34:52'),
(36, 205, '2017-04-24 09:34:52', '2017-04-24 09:34:52'),
(36, 206, '2017-04-24 09:34:52', '2017-04-24 09:34:52'),
(37, 82, '2017-04-24 09:34:52', '2017-04-24 09:34:52'),
(37, 83, '2017-04-24 09:34:52', '2017-04-24 09:34:52'),
(37, 84, '2017-04-24 09:34:52', '2017-04-24 09:34:52'),
(37, 85, '2017-04-24 09:34:52', '2017-04-24 09:34:52'),
(37, 86, '2017-04-24 09:34:52', '2017-04-24 09:34:52'),
(37, 87, '2017-04-24 09:34:52', '2017-04-24 09:34:52'),
(37, 88, '2017-04-24 09:34:52', '2017-04-24 09:34:52'),
(38, 82, '2017-04-24 09:34:52', '2017-04-24 09:34:52'),
(38, 83, '2017-04-24 09:34:52', '2017-04-24 09:34:52'),
(38, 84, '2017-04-24 09:34:52', '2017-04-24 09:34:52'),
(38, 85, '2017-04-24 09:34:52', '2017-04-24 09:34:52'),
(38, 86, '2017-04-24 09:34:52', '2017-04-24 09:34:52'),
(38, 87, '2017-04-24 09:34:52', '2017-04-24 09:34:52'),
(38, 88, '2017-04-24 09:34:52', '2017-04-24 09:34:52'),
(39, 82, '2017-04-24 09:34:52', '2017-04-24 09:34:52'),
(39, 83, '2017-04-24 09:34:52', '2017-04-24 09:34:52'),
(39, 84, '2017-04-24 09:34:52', '2017-04-24 09:34:52'),
(39, 85, '2017-04-24 09:34:52', '2017-04-24 09:34:52'),
(39, 86, '2017-04-24 09:34:52', '2017-04-24 09:34:52'),
(39, 87, '2017-04-24 09:34:52', '2017-04-24 09:34:52'),
(39, 88, '2017-04-24 09:34:52', '2017-04-24 09:34:52'),
(40, 207, '2017-04-24 09:34:52', '2017-04-24 09:34:52'),
(40, 208, '2017-04-24 09:34:52', '2017-04-24 09:34:52'),
(40, 209, '2017-04-24 09:34:52', '2017-04-24 09:34:52'),
(40, 210, '2017-04-24 09:34:52', '2017-04-24 09:34:52'),
(40, 211, '2017-04-24 09:34:52', '2017-04-24 09:34:52'),
(40, 212, '2017-04-24 09:34:52', '2017-04-24 09:34:52'),
(40, 213, '2017-04-24 09:34:52', '2017-04-24 09:34:52'),
(41, 51, '2017-04-24 09:34:52', '2017-04-24 09:34:52'),
(41, 52, '2017-04-24 09:34:52', '2017-04-24 09:34:52'),
(41, 214, '2017-04-24 09:34:52', '2017-04-24 09:34:52'),
(41, 215, '2017-04-24 09:34:52', '2017-04-24 09:34:52'),
(41, 216, '2017-04-24 09:34:52', '2017-04-24 09:34:52'),
(41, 217, '2017-04-24 09:34:52', '2017-04-24 09:34:52'),
(41, 218, '2017-04-24 09:34:52', '2017-04-24 09:34:52'),
(42, 219, '2017-04-24 09:34:52', '2017-04-24 09:34:52'),
(42, 220, '2017-04-24 09:34:52', '2017-04-24 09:34:52'),
(42, 221, '2017-04-24 09:34:52', '2017-04-24 09:34:52'),
(42, 222, '2017-04-24 09:34:52', '2017-04-24 09:34:52'),
(42, 223, '2017-04-24 09:34:52', '2017-04-24 09:34:52'),
(42, 224, '2017-04-24 09:34:52', '2017-04-24 09:34:52'),
(42, 225, '2017-04-24 09:34:52', '2017-04-24 09:34:52'),
(43, 226, '2017-04-24 09:34:52', '2017-04-24 09:34:52'),
(43, 227, '2017-04-24 09:34:52', '2017-04-24 09:34:52'),
(43, 228, '2017-04-24 09:34:52', '2017-04-24 09:34:52'),
(43, 229, '2017-04-24 09:34:52', '2017-04-24 09:34:52'),
(43, 230, '2017-04-24 09:34:52', '2017-04-24 09:34:52'),
(43, 231, '2017-04-24 09:34:52', '2017-04-24 09:34:52'),
(43, 232, '2017-04-24 09:34:52', '2017-04-24 09:34:52'),
(44, 233, '2017-04-24 09:34:52', '2017-04-24 09:34:52'),
(44, 234, '2017-04-24 09:34:52', '2017-04-24 09:34:52'),
(44, 235, '2017-04-24 09:34:52', '2017-04-24 09:34:52'),
(44, 236, '2017-04-24 09:34:52', '2017-04-24 09:34:52'),
(44, 237, '2017-04-24 09:34:52', '2017-04-24 09:34:52'),
(44, 238, '2017-04-24 09:34:52', '2017-04-24 09:34:52'),
(45, 239, '2017-04-24 09:34:52', '2017-04-24 09:34:52'),
(45, 240, '2017-04-24 09:34:52', '2017-04-24 09:34:52'),
(45, 241, '2017-04-24 09:34:52', '2017-04-24 09:34:52'),
(45, 242, '2017-04-24 09:34:52', '2017-04-24 09:34:52'),
(45, 243, '2017-04-24 09:34:52', '2017-04-24 09:34:52'),
(45, 244, '2017-04-24 09:34:52', '2017-04-24 09:34:52'),
(46, 95, '2017-04-24 09:34:52', '2017-04-24 09:34:52'),
(46, 96, '2017-04-24 09:34:52', '2017-04-24 09:34:52'),
(46, 97, '2017-04-24 09:34:52', '2017-04-24 09:34:52'),
(46, 98, '2017-04-24 09:34:52', '2017-04-24 09:34:52'),
(46, 99, '2017-04-24 09:34:52', '2017-04-24 09:34:52'),
(46, 100, '2017-04-24 09:34:52', '2017-04-24 09:34:52'),
(46, 245, '2017-04-24 09:34:52', '2017-04-24 09:34:52'),
(46, 246, '2017-04-24 09:34:52', '2017-04-24 09:34:52'),
(46, 247, '2017-04-24 09:34:52', '2017-04-24 09:34:52'),
(46, 248, '2017-04-24 09:34:52', '2017-04-24 09:34:52'),
(46, 249, '2017-04-24 09:34:52', '2017-04-24 09:34:52'),
(46, 250, '2017-04-24 09:34:52', '2017-04-24 09:34:52'),
(46, 251, '2017-04-24 09:34:52', '2017-04-24 09:34:52'),
(46, 252, '2017-04-24 09:34:52', '2017-04-24 09:34:52'),
(47, 51, '2017-04-24 09:34:52', '2017-04-24 09:34:52'),
(47, 214, '2017-04-24 09:34:52', '2017-04-24 09:34:52'),
(47, 215, '2017-04-24 09:34:52', '2017-04-24 09:34:52'),
(47, 216, '2017-04-24 09:34:52', '2017-04-24 09:34:52'),
(47, 217, '2017-04-24 09:34:52', '2017-04-24 09:34:52'),
(47, 253, '2017-04-24 09:34:52', '2017-04-24 09:34:52'),
(48, 254, '2017-04-24 09:34:52', '2017-04-24 09:34:52'),
(48, 255, '2017-04-24 09:34:52', '2017-04-24 09:34:52'),
(48, 256, '2017-04-24 09:34:52', '2017-04-24 09:34:52'),
(48, 257, '2017-04-24 09:34:52', '2017-04-24 09:34:52'),
(48, 258, '2017-04-24 09:34:52', '2017-04-24 09:34:52'),
(48, 259, '2017-04-24 09:34:52', '2017-04-24 09:34:52'),
(48, 260, '2017-04-24 09:34:52', '2017-04-24 09:34:52'),
(49, 261, '2017-04-24 09:34:52', '2017-04-24 09:34:52'),
(49, 262, '2017-04-24 09:34:52', '2017-04-24 09:34:52'),
(49, 263, '2017-04-24 09:34:52', '2017-04-24 09:34:52'),
(49, 264, '2017-04-24 09:34:52', '2017-04-24 09:34:52'),
(49, 265, '2017-04-24 09:34:52', '2017-04-24 09:34:52'),
(50, 266, '2017-04-24 09:34:52', '2017-04-24 09:34:52'),
(50, 267, '2017-04-24 09:34:52', '2017-04-24 09:34:52'),
(50, 268, '2017-04-24 09:34:52', '2017-04-24 09:34:52'),
(50, 269, '2017-04-24 09:34:52', '2017-04-24 09:34:52'),
(50, 270, '2017-04-24 09:34:52', '2017-04-24 09:34:52'),
(50, 271, '2017-04-24 09:34:52', '2017-04-24 09:34:52');

-- --------------------------------------------------------

--
-- Table structure for table `members`
--

CREATE TABLE `members` (
  `id` int(10) UNSIGNED NOT NULL,
  `fname` varchar(255) NOT NULL,
  `lname` varchar(255) NOT NULL,
  `gender` varchar(255) NOT NULL,
  `email` varchar(255) NOT NULL,
  `username` varchar(255) NOT NULL,
  `password` varchar(255) NOT NULL,
  `remember_token` varchar(100) DEFAULT NULL,
  `group` varchar(30) NOT NULL,
  `created_at` timestamp NULL DEFAULT NULL,
  `updated_at` timestamp NULL DEFAULT NULL
) ENGINE=InnoDB DEFAULT CHARSET=utf8;

--
-- Dumping data for table `members`
--

INSERT INTO `members` (`id`, `fname`, `lname`, `gender`, `email`, `username`, `password`, `remember_token`, `group`, `created_at`, `updated_at`) VALUES
(15, 'arm', 'arm', 'Male', 'arm@gmail.com', 'arm', '$2y$10$w2Upr6tKh.e4QLp4Hg7w3uNnT2GcudPG2/JZMdbPKAxjO5bF.tONy', 'eJJX5Uqbva3lpkIX20TY2k9GqaFe3tuxnjYE3bBRAv5YTsA6K690sT0APTKs', '1', '2017-03-01 11:46:29', '2017-03-01 11:46:29'),
(16, 'takew', 'takew', 'Male', 'takew@gmail.com', 'takew', '$2y$10$RgehIUKBuARLFRUZKreRD.sJqFrPhi4APddN.D8l8MPT73gnNAySC', 'd0lhg4Ct7CRqV0TR9ZndaDuaNKgACTY6KJHVvRQJWBMHGgr5qSxhRQGtEZAI', '1', '2017-03-01 11:49:01', '2017-03-01 11:49:01'),
(17, 'fang', 'fang', 'Female', 'fang@gmail.com', 'fang', '$2y$10$kFdJS1S0AFycIk8Pkf8qEehy2tyZmjLqDCYPUMPNDKzMYoRgEA6sC', '3TUNfpZQfzlXcyKzhIQ0g8ASgif1jXUuFf1XuoFXRrCr9Kw99s2Fe1goxidV', '1', '2017-03-01 11:50:39', '2017-03-01 11:50:39'),
(18, 'aui', 'aui', 'Female', 'aui@gmail.com', 'aui', '$2y$10$uaKW9a4gcJNoyG81/CMVTenSUh8zqzQoKr3h4adw5SKvwx3qjP36q', 'JS9cbgDSRg4OrqV9QERXDIHwCbHnyvgTs12mX8yGx9uVr3Ap2vCt2084qg5V', '1', '2017-03-01 11:52:11', '2017-03-01 11:52:11'),
(19, 'jack', 'jack', 'Male', 'jack@gmail.com', 'jack', '$2y$10$Km28llxOKm0i4xB7EW/K5.Q5YUGzuknbvG76lWYsbOquC4KiciPry', 'yyYGlOB2KGyyK7hFwDfgSnmusqtIvRwzdUbT8Kl73ZwMvpewB5QZ6dJy1T8f', '1', '2017-03-01 11:53:18', '2017-03-01 11:53:18'),
(20, 'mike', 'mike', 'Male', 'mike@gmail.com', 'mike', '$2y$10$/YTpAPL/LphMR0EzjCT1Zu4bdAjyKcpG0fLOZpP8.dr4kOhhLq7.G', 'wcTAvDCpyHfrneYHh5gCTcVBiTtVFlwRiOJdFzxbWU6nViTZpPVJuSPaa9uI', '2', '2017-03-01 11:55:11', '2017-03-01 11:55:11'),
(21, 'kuey', 'kuey', 'Male', 'kuey@gmail.com', 'kuey', '$2y$10$qnqyTAjtAYMsJEuLDnUQ5.rBT46.Y4bu7zZOWgjnh3Z69FmmEZVbS', 'vP56HtBBMMmgXSqKNovLdzxZZ4QKP6myoEPq6pTCfNDjNKD4AwEhL9rxSJnW', '1', '2017-03-01 11:56:26', '2017-03-01 11:56:26'),
(22, 'john', 'john', 'Female', 'john@gmail.com', 'john', '$2y$10$tZ.IjLU4fXEYmuWpAHiWZ.IJnNuLPgFr5FD77iRMOp3dLkeRndQGO', 'QJRKmHI5sTZdifU7AjyFUQ97gr4SFj7ociNvokzlKJrSm0ujM4lKmtEox6rL', '2', '2017-03-01 11:57:21', '2017-04-07 13:11:16'),
(23, 'popeye', 'popeye', 'Female', 'popeye@gmail.com', 'popeye', '$2y$10$k7oaB1mP3x32ypbR9TWj7e1ulnZxU2pwwMh0.LSISilrkWyNmofQq', 'gryNPjeXDKo4NsQm9rIPucCSD1fv2Ioa8qNpMU3xKbBhIf9Fvb8pNmUshwoo', '3', '2017-03-01 11:58:15', '2017-03-01 11:58:15'),
(24, 'koy', 'koy', 'Female', 'koy@gmail.com', 'koy', '$2y$10$qJr.oWm4PgpR1hJ0jFOBZej941qxVkBxkuNnV5BrMmZOcQR2Iu7Ea', 'AG5u4WBGwhQb3PkftorUVhs0SIdcB29511cCJgOmlOynAV0mCPs9DBIqqHoT', '1', '2017-03-01 11:59:03', '2017-03-01 11:59:03'),
(25, 'topten', 'topten', 'Male', 'topten@gmail.com', 'topten', '$2y$10$iqAXtRduK2NxqaJs4aFTmOCwfUxW9MBtXa8vcxYykLaUqDhWLaVCO', 'lpvvCp3jRflnEslH0ePGLYk6ePGI3VbcRBtIIVrtRUsTZ3THduxdPBHDKzyj', '2', '2017-03-01 12:08:46', '2017-03-01 12:08:46'),
(26, 'im', 'im', 'Female', 'im@gmail.con', 'im', '$2y$10$gQ0Un.JSaacHY8B1OEhGAe7NKFA.h/KJM0bUjqQBJVYPpwOvEeJxG', 'VzCWJGdWT1lzwdwz6o4lOWFkThCaN0npteKEZ7Gp1bRxEVE18j7DEWshumqT', '2', '2017-03-01 12:09:38', '2017-03-01 12:09:38'),
(27, 'bas', 'bas', 'Male', 'bas@gmail.com', 'bas', '$2y$10$4gLy.ZsxkXlRq56slyHJru1JJGGkySgBIM9hiNfNstmAwuyMJ8d8W', '3hMuARjQkdwKMBgLJLdlU2DHhrdlZIrnxE0rC1wi7FOf7b6pbVxI5cN3TqW2', '1', '2017-03-01 12:10:35', '2017-04-19 09:46:21'),
(28, 'tent', 'tent', 'Female', 'tent@gmail.com', 'tent', '$2y$10$wp8zsLjC5JVyXdNVtRv2PuTrJtgCo1Xe8oZfDC5fz24e3G7ve/wr6', '3mAHgQLDeDMiQD119a3HwpZmE1IVmV5Hjk6cYOyIbordisXx7iszhGzV9msn', '2', '2017-03-05 10:09:20', '2017-03-05 10:09:20'),
(29, 'yo', 'yo', 'Male', 'yo@gmail.com', 'yo', '$2y$10$vy0YZlSYhAngy0fcf0VR.uBpbBmpMxT4oK.45jzh6yjnDz.NPrYiC', 'drNwFlAjNnUTuIr1N0GUCJoXpLFLZAZEVLn0sef2rXJ947MTuylNjwjEvhCP', '1', '2017-03-05 12:32:09', '2017-03-05 12:32:09'),
(30, 'yim', 'yim', 'Female', 'yim@gmail.com', 'yim', '$2y$10$OFxVXUqB.mVde0a3MmqJou9kXa7oxUQ6Ww0tNMRo0kMbcAfyL1gr.', 'ZKqCQYrIuQkoCZAdBYTzZZOK5WD6SfCoagFm8Fnl0buEKOvljfZB0lZFv7aC', '1', '2017-03-06 00:08:08', '2017-03-06 00:08:08'),
(31, 'nan', 'nan', 'Female', 'nan@gmail.com', 'nan', '$2y$10$1vOLawvI6HhsgTClkLyM.uUnCoz0CPWcfPfH5Ta4b2pdJyKLN6FAS', 'al7QNARMyVTK2YNx93GnLzErq31vPWlpUQa6mjs57uKbzBOacpe7CfIJinXd', '1', '2017-03-08 05:10:14', '2017-03-08 05:10:14'),
(32, 'nam', 'nam', 'Female', 'nam@gmail.com', 'nam', '$2y$10$vCpLkfqr5i3LsaS4fBr.7uKkipFKedBH.WAVWNbCKA4AIo2MVpOmO', '8KARFhXwfCpeTbFhwgchlxREQ1XmF5ekr3SwKb4SHRjdfDQtQIIT97Afmz3C', '3', '2017-03-09 02:06:52', '2017-03-09 02:06:52'),
(33, 'kewgar', 'kewgar', 'Male', 'kewgar@gmail.com', 'kewgar', '$2y$10$/A.rKclOavo.3y1LJ8xmK.kwd8oW0qBynt6AQD8/PkbCRXC71VAPu', 'ZPb6U0aCnlcRqseknEfLuEvPnek0TghLnKTD4MMlAZdiaYi2K5umGryOUUti', '1', '2017-03-09 03:57:11', '2017-03-09 03:57:11'),
(34, 'kho', 'kho', 'Male', 'kho@gmail.com', 'kho', '$2y$10$X7GN5Bs0NDDa/tbDj7bOLeB2MBvzcF2dyl0ChBrY45AhuaL/rMckW', NULL, '1', '2017-03-11 09:13:06', '2017-03-11 09:13:06'),
(35, 'duck', 'duck', 'Male', 'duck@gmail.com', 'duck', '$2y$10$7bTAdixjptqo2m9ZzJR8JeMFMgazJm5LQC6yi6fNEVEV6U26kMbnm', 'M3iTNhz2YwnnkNWVVq6UmDoCaOOl7NHmoapON1HtwjKNrh0sbGhh1bbNWBXj', '2', '2017-03-12 07:33:52', '2017-03-12 07:33:52'),
(36, 'jubjang', 'jub', 'Female', 'jubjang@gmail.com', 'jubjang', '$2y$10$BYFA2GYkCaK.XuM6D6fegeT4K9W846ubLtSfdHQYibqjUYKaHlMGe', 'tZrt72ywHDu0OM9Jj8wZ2S2bNj87l81el37fMmqZHe0fgnWk7TGfoZW23wme', '1', '2017-03-12 07:38:51', '2017-03-12 07:38:51'),
(37, 'fah', 'fah', 'Female', 'fah@gmail.com', 'fah', '$2y$10$AUw/j89Vc1/hrweJ4eP/RuIXtU2Njg/IMxWk8IvntXn9LLUAUi3fu', '9FyMnToF74kUlBaEmDsD4LpDNM2ALNVIvhF9KTpOrrSQYmCbP1QqvIQUgWFy', '1', '2017-03-12 07:51:14', '2017-03-12 07:51:14'),
(38, 'meepoo', 'mee', 'Female', 'meepoo@gmail.com', 'meepoo', '$2y$10$K1dUAVcQYx4S1L/i/fRfXO.Nk73ix0DyPeuYna/jY9eOW0ZNATLjS', 'K7XG89f7HGBJmYNjShfmkPYfK0Z19Rv6kt9XqP5sG5EINUUiy4Yzeq3oXo4o', '1', '2017-03-12 08:15:57', '2017-03-12 08:15:57'),
(39, 'tan', 'tan', 'Female', 'tan@gmail.com', 'tan', '$2y$10$zqsIrkb25HhorUcb83.09uliRl3B8MC3YGZFFvXW71Q4gARlp9sUS', 'hJVGRFx3zymAqCDAqzGxHvLAWXuam0Scv085sKw7IGBmd5gwxDecD3L9Xv8W', '1', '2017-03-12 08:19:52', '2017-03-12 08:19:52'),
(40, 'pop', 'pop', 'Female', 'pop@gmail.com', 'pop', '$2y$10$53X9kb3v8eS0QVEtz7DV5.XGUb87RAth4o6cZF8PjbSLjLxyCKx3u', 'oEpgMuutpejMzPdofnq989E5I3n9VtDFAUcsnVEgYCTO0aij8kzRp0E5bfzZ', '1', '2017-03-12 10:57:28', '2017-03-12 10:57:28'),
(41, 'toon', 'toon', 'Female', 'toon@gmail.com', 'toon', '$2y$10$m0R5JA9W65tjkY4lEQCd7.cNqS2WuiQ8w7Ac4/XiCeN2sGplkSG4y', 'OkWjwTZgPb2SCq4pPggAvMOUv2CS42xgzWZ9A3mNqGgNHqYuzlWUAs0Oe3uy', '1', '2017-03-15 05:32:34', '2017-03-15 05:32:34'),
(42, 'pete', 'pete', 'Male', 'pete@gmail.com', 'pete', '$2y$10$.wcRZc2fr5YcvGfUZkjyROBvyYMilc0jhPrdmz9UQ354GSx0fpfUK', 'DFYlEIjWpPbFS0tWdGyaPyTPlUSpv74d8gbKitMOi0VDPwcx2KKhPRZ1p0Ef', '1', '2017-03-20 02:15:41', '2017-03-20 02:15:41'),
(43, 'mine', 'mine', 'Female', 'minemine@gmail.com', 'mine', '$2y$10$25o4E.V.aJT5qZMAZD/qiuVycKuOLo6yng0Wqo3wvsctWL6ztAF66', NULL, '1', '2017-03-23 08:46:07', '2017-03-23 08:46:07'),
(44, 'jo', 'jo', 'Male', 'jo@gmail.com', 'jo', '$2y$10$xzzs4qigChAcA/GVp5HZOe6Zhb7OziFi9EmAPCK5fKvaSYpIaQcH.', '0JBvdxFaFMGrMPwlD5EAfcGfSls3bCpStHE0H8NIa6LPRvh5LFsP5zAyGt8s', '3', '2017-03-27 11:35:10', '2017-03-27 11:35:10'),
(45, 'kik', 'kik', 'Female', 'kik@gmail.com', 'kik', '$2y$10$BkeCjn8jYtfEQIiq2x5GSuUVplP..89Gp7S4JHD85HdygaJI1X6Yu', 'sjMH7HkAWOgcprKDkrgR23mqhnRV0oHTWNwuQeWtQooMGWjDaS4RH0f2GHT5', '3', '2017-03-27 11:50:57', '2017-03-27 11:50:57'),
(46, 'kob', 'kob', 'Female', 'kob@gmail.com', 'kob', '$2y$10$3o1/SYWXA0Uv0qLCjLRcxeu2/3sEuBxKwD1N4plL47nW3c7CDVNsS', NULL, '1', '2017-04-04 11:48:09', '2017-04-04 11:48:09'),
(47, 'momo', 'momo', 'Female', 'momo@gmail.com', 'momo', '$2y$10$AbnqjchPanSAhVKU588iEe.osuFRreBX5IsacDA45pWmWPnb/Ewxu', 'Ib8VVPAnQZWg4pT9UsM55kW3nxpShjXwpm3Z1FabNCVFkXytGqtG9YRGlBGr', '3', '2017-04-06 06:28:08', '2017-04-06 06:28:08'),
(48, 'yok', 'yok', 'Male', 'yok@gmail.com', 'yok', '$2y$10$1xQaLZ7wpwXi0l6jQGQHve82a5MfHHX.93.woDPkf9zJBXvDtTmhO', 'pLvD2xqQgmzkfGbRmqA2xLIgJo6u0QWGqKW8OGsLkVQ0iNK8nwjFTM3ei78R', '1', '2017-04-06 06:29:48', '2017-04-06 06:29:48'),
(49, 'name', 'name', 'Male', 'name@gmail.com', 'name', '$2y$10$tiKiJIsn5RHUcC21hkq9rOH6.E93qBz2h7c5DxppoG73e1Y6wzWo.', 'j5tB03URg9Q0pp9jdR3Kb5ex5bp0h4x8boSLlZbrAVj6dCom7rf4wV0bOlv2', '1', '2017-04-06 06:31:09', '2017-04-06 06:31:09'),
(50, 'byte', 'byte', 'Male', 'byte@gmail.com', 'byte', '$2y$10$N8EnQqFX8TVaXuYKvUoHF.bmqox7viPu8EiSTqS8ezLyikVddSREO', 'QysnlSUsmMuPhEUYrGd9hVAX4Ko27tsAWsxLWApFrQEerlejaN5SakSCAoYB', '1', '2017-04-06 06:32:39', '2017-04-06 06:32:39'),
(51, 'poom', 'poom', 'Male', 'poom@gmail.com', 'poom', '$2y$10$7ayA3Z42iUmPJ3VbuvZAuuiTEoucJAPL1pX9bDiFJgxd1k0EPgGAK', 'k8zmjU6UxXDAHWz75G2OcKSzzCdx1MRRjnC6DAhTNOxzoiPOcNMMN2y5Ne9F', '1', '2017-04-06 06:33:42', '2017-04-06 06:33:42'),
(52, 'ball', 'ball', 'Male', 'ball@gmail.com', 'ball', '$2y$10$CDhKtm5xQGmTmR35TbxEfuatwC1u8n/0iOOCnGy3Ug5WnHbvtejT.', 'E7ufxskwJpa0CryLRTiBxOv5eMzGJMlubHtlX7lwoa8RkLYL2jDKjbEKw6Na', '1', '2017-04-06 06:34:59', '2017-04-06 06:34:59'),
(53, 'meetan', 'meetan', 'Female', 'meetan@gmail.com', 'meetan', '$2y$10$PLYs2CTee8kbeUVObDKc5umjMS4YTOrdRVd5cVmYTwEeapbtW2BWu', 'IavOnlTzWtpWngdEoWCnetm661L9K0Uk45kTkg3gx1z2A5afLL0qEOw1VOxm', '1', '2017-04-06 06:36:05', '2017-04-27 00:43:16'),
(54, 'prem', 'prem', 'Male', 'prem@gmail.com', 'prem', '$2y$10$CG/Lu9BkIHHyNVSffIzLjeqDMPKB1b8Pk1bUdFmx.dVp.jqQRb6hq', '3C6nMO9a1S2NAFY4TEOkAsxh0LRRSNW0DTARf7KA4lHDdvUNROUgtQa1KO2V', '1', '2017-04-06 06:37:12', '2017-04-06 06:37:12'),
(55, 'moss', 'moss', 'Male', 'moss@gmail.com', 'moss', '$2y$10$iN2SkBZfVUbwzqfWzNA4O.ZAGjO3ux0eZh7HX16n8A7SC.siSp4Y.', 'IG3CbFjWIYYSKbErkTQZgHeLJbfCyEAIugbP0Idj2hXml7ffI7cdwdH3T9Ut', '1', '2017-04-06 06:38:25', '2017-04-06 06:38:25'),
(56, 'bew', 'bew', 'Female', 'bew@gmail.com', 'bew', '$2y$10$CJv/M/76jVyCIMP.sOhqTumz92HKc.TmNE1bbTNwF4YF4xK43YLSm', 'femaMFsrLhvsSDzcUtEuMLSQCZ422bt3eMmjZMgUyz7A0a3kWg4ixgg48tLq', '3', '2017-04-06 06:39:25', '2017-04-06 06:39:25'),
(57, 'ballband', 'ballband', 'Male', 'ballband@gmail.com', 'ballband', '$2y$10$ULvVvXZa2.HWZv3oCK9zIOPRpNAxi4Fhf8F.rpDGmlyTQUK3Jf7Ie', 'WN94Q5XHIGWGxkgcyfznrMAkrtOuwu9EJVoHBzSpd3Q9I363nKDIvTLDr5Es', '1', '2017-04-06 06:40:34', '2017-04-06 06:40:34'),
(58, 'aom', 'aom', 'Female', 'aommy@gmail.com', 'aommy', '$2y$10$Vk1HL15tfJBqSUcQdy/wBOIqAKpdKbCghX531qb27S4t8kClhXqXK', 'xgaR3L5lZ04G483wPr3vmv5XxUEnGlrJc9lslYoGqHMI90xw7TxqBbivrw3d', '2', '2017-04-06 06:46:55', '2017-04-06 06:46:55'),
(59, 'moo', 'moo', 'Male', 'moo@gmail.com', 'moo', '$2y$10$dfHcSoRAZXvL53z0r22EIuyWxMWVJxSzidqJuJM1Sk1bYNRAxZo.u', 'agQRxtoEXzVbFuOVDX2aXSIFCs6t2wLApVHH0WJRfOcAbMLYD7jKMGM5hEe7', '1', '2017-04-09 11:15:46', '2017-04-09 11:15:46'),
(60, 'p', 'p', 'Female', 'p@gmail.com', 'ppp', '$2y$10$blvF4EnXbszucscFI7ekOuBE4YhxWV0Fg7kH8Mr4wSPNFEHxokSCa', NULL, '1', '2017-04-10 21:42:12', '2017-04-10 21:42:12'),
(62, 'มายด์', 'มายด์', 'Female', 'mine2@gmail.com', 'mine2', '$2y$10$0Kek1J.dQMMHzyJHGo/3lO5C1YSYsNtQwuqwezW9NQ5Zgsdg4oHKe', 'pRpCRDPiu6N0KtqZWX2Iq5ITIAdkNLTQC6dJmSA6V90logEWDnzObQrDDWMM', '1', '2017-04-21 05:17:54', '2017-04-21 05:17:54'),
(64, 'pink', 'pink', 'Female', 'pink@gmail.com', 'pinkpink', '$2y$10$tvjPvySaOUkL7.4hsG4ZZ.EpBJY6Sx8Oqb9W4PwAN7AEyojtenbOe', 't0mgrwak3TcAKiPcjRhCeIPziuWk6DRhLuXDFsYxnVpFU2zakQrgd4g3PJcJ', '1', '2017-04-23 09:12:44', '2017-04-23 09:12:44');

-- --------------------------------------------------------

--
-- Table structure for table `migrations`
--

CREATE TABLE `migrations` (
  `id` int(10) UNSIGNED NOT NULL,
  `migration` varchar(255) NOT NULL,
  `batch` int(11) NOT NULL
) ENGINE=MyISAM DEFAULT CHARSET=utf8;

--
-- Dumping data for table `migrations`
--

INSERT INTO `migrations` (`id`, `migration`, `batch`) VALUES
(1, '2014_10_12_000000_create_users_table', 1),
(2, '2014_10_12_100000_create_password_resets_table', 1),
(3, '2017_02_07_104858_create_fitnesses_table', 1),
(4, '2017_02_11_152743_create_admin_table', 2),
(5, '2017_02_11_153735_create_member_table', 3),
(6, '2017_02_18_161151_create_register_users_table', 4),
(7, '2017_02_18_171532_create_register_members_table', 5),
(9, '2017_02_18_185634_create_admins_table', 6),
(10, '2017_02_19_172705_create_factors_table', 7),
(11, '2017_02_20_092855_create_factor_table', 8),
(12, '2017_02_22_130434_create_members_table', 9),
(14, '2017_02_22_142602_create_factors_table', 10),
(24, '2017_02_27_141412_create_fitness_typesport_table', 11),
(25, '2017_02_27_142724_create_fitness_table', 11),
(26, '2017_02_27_165157_create_typesports_table', 11),
(27, '2017_03_01_091232_create_factor_table', 11),
(28, '2017_03_02_144050_create_comment_table', 12),
(29, '2017_03_12_172255_create_fitness_workservices_table', 12),
(30, '2017_03_12_181241_create_fitness_workservice_table', 13),
(31, '2017_03_13_132848_create_workservices_table', 14),
(32, '2017_03_20_185049_create_class_table', 15),
(33, '2017_03_29_090644_create_fitness_class_table', 16);

-- --------------------------------------------------------

--
-- Table structure for table `password_resets`
--

CREATE TABLE `password_resets` (
  `email` varchar(255) NOT NULL,
  `token` varchar(255) NOT NULL,
  `created_at` timestamp NULL DEFAULT NULL
) ENGINE=MyISAM DEFAULT CHARSET=utf8;

-- --------------------------------------------------------

--
-- Table structure for table `typesports`
--

CREATE TABLE `typesports` (
  `id` int(10) UNSIGNED NOT NULL,
  `type_ename` varchar(255) NOT NULL,
  `type_tname` varchar(255) NOT NULL,
  `created_at` timestamp NULL DEFAULT NULL,
  `updated_at` timestamp NULL DEFAULT NULL
) ENGINE=InnoDB DEFAULT CHARSET=utf8;

--
-- Dumping data for table `typesports`
--

INSERT INTO `typesports` (`id`, `type_ename`, `type_tname`, `created_at`, `updated_at`) VALUES
(1, 'Dance', 'เต้น', '2017-02-20 20:00:00', '2017-02-21 08:00:00'),
(2, 'Aerobics', 'เเอโรบิก', '2017-02-20 22:00:00', '2017-02-20 21:00:00'),
(3, 'Spinning', 'การปั่นจักรยาน', '2017-02-26 19:00:00', '2017-02-26 17:00:00'),
(4, 'Martial Arts', 'ศิลปะการต่อสู้', '2017-02-26 20:00:00', '2017-02-26 18:00:00'),
(5, 'Sport', 'กีฬา', '2017-02-26 16:00:00', '2017-02-26 17:00:00'),
(6, 'Fitness', 'ฟิตเนส', '2017-02-26 19:00:00', '2017-02-26 18:00:00'),
(7, 'Yoga & Pilates Matwork', 'โยคะเเละพีลาทิส', '2017-02-26 22:00:00', '2017-02-26 22:00:00');

-- --------------------------------------------------------

--
-- Table structure for table `users`
--

CREATE TABLE `users` (
  `id` int(10) UNSIGNED NOT NULL,
  `fname` varchar(255) NOT NULL,
  `lname` varchar(255) NOT NULL,
  `gender` varchar(6) NOT NULL,
  `email` varchar(255) NOT NULL,
  `password` varchar(255) NOT NULL,
  `remember_token` varchar(100) DEFAULT NULL,
  `created_at` timestamp NULL DEFAULT NULL,
  `updated_at` timestamp NULL DEFAULT NULL
) ENGINE=MyISAM DEFAULT CHARSET=utf8;

-- --------------------------------------------------------

--
-- Table structure for table `workservices`
--

CREATE TABLE `workservices` (
  `id` int(10) UNSIGNED NOT NULL,
  `day_ename` varchar(255) NOT NULL,
  `day_tname` varchar(255) NOT NULL,
  `opentime` time NOT NULL,
  `closetime` time NOT NULL,
  `created_at` timestamp NULL DEFAULT NULL,
  `updated_at` timestamp NULL DEFAULT NULL
) ENGINE=InnoDB DEFAULT CHARSET=utf8;

--
-- Dumping data for table `workservices`
--

INSERT INTO `workservices` (`id`, `day_ename`, `day_tname`, `opentime`, `closetime`, `created_at`, `updated_at`) VALUES
(1, 'Monday', 'วันจันทร์', '08:00:00', '21:30:00', '2017-03-13 13:00:00', '2017-03-13 13:00:00'),
(2, 'Tuesday', 'วันอังคาร', '08:00:00', '21:30:00', '2017-03-13 13:00:00', '2017-03-13 13:00:00'),
(3, 'Wednesday', 'วันพุธ', '08:00:00', '21:30:00', '2017-03-13 13:00:00', '2017-03-13 13:00:00'),
(4, 'Thursday', 'วันพฤหัสบดี', '08:00:00', '21:30:00', '2017-03-13 13:00:00', '2017-03-13 13:00:00'),
(5, 'Friday', 'วันศุกร์', '08:00:00', '21:30:00', '2017-03-13 13:00:00', '2017-03-13 13:00:00'),
(6, 'Saturday', 'วันเสาร์', '08:00:00', '21:30:00', '2017-03-13 13:00:00', '2017-03-13 13:00:00'),
(7, 'Sunday', 'วันอาทิตย์', '08:00:00', '21:30:00', '2017-03-13 13:00:00', '2017-03-13 13:00:00'),
(8, 'Wednesday', 'วันพุธ', '09:00:00', '21:00:00', '2017-03-13 13:00:00', '2017-03-13 13:00:00'),
(9, 'Tuesday', 'วันอังคาร', '09:00:00', '21:00:00', '2017-03-13 13:00:00', '2017-03-13 13:00:00'),
(10, 'Monday', 'วันจันทร์', '09:00:00', '21:00:00', '2017-03-13 13:00:00', '2017-03-13 13:00:00'),
(11, 'Thursday', 'วันพฤหัสบดี', '09:00:00', '21:00:00', '2017-03-13 13:00:00', '2017-03-13 13:00:00'),
(12, 'Friday', 'วันศุกร์', '09:00:00', '21:00:00', '2017-03-13 13:00:00', '2017-03-13 13:00:00'),
(13, 'Saturday', 'วันเสาร์', '09:00:00', '21:00:00', '2017-03-13 13:00:00', '2017-03-13 13:00:00'),
(14, 'Monday', 'วันจันทร์', '08:00:00', '22:00:00', '2017-03-13 11:00:00', '2017-03-13 11:00:00'),
(15, 'Tuesday', 'วันอังคาร', '08:00:00', '22:00:00', '2017-03-13 11:00:00', '2017-03-13 11:00:00'),
(16, 'Wednesday', 'วันพุธ', '08:00:00', '22:00:00', '2017-03-13 11:00:00', '2017-03-13 11:00:00'),
(17, 'Thursday', 'วันพฤหัสบดี', '08:00:00', '22:00:00', '2017-03-13 11:00:00', '2017-03-13 11:00:00'),
(18, 'Friday', 'วันศุกร์', '08:00:00', '22:00:00', '2017-03-13 11:00:00', '2017-03-13 11:00:00'),
(19, 'Saturday', 'วันเสาร์', '08:00:00', '22:00:00', '2017-03-13 11:00:00', '2017-03-13 11:00:00'),
(20, 'Sunday', 'วันอาทิตย์', '08:00:00', '22:00:00', '2017-03-13 11:00:00', '2017-03-13 11:00:00'),
(21, 'Monday', 'วันจันทร์', '08:00:00', '00:00:00', '2017-03-13 11:00:00', '2017-03-13 11:00:00'),
(22, 'Tuesday', 'วันอังคาร', '08:00:00', '00:00:00', '2017-03-13 11:00:00', '2017-03-13 11:00:00'),
(23, 'Wednesday', 'วันพุธ', '08:00:00', '00:00:00', '2017-03-13 11:00:00', '2017-03-13 11:00:00'),
(24, 'Thursday', 'วันพฤหัสบดี', '08:00:00', '00:00:00', '2017-03-13 11:00:00', '2017-03-13 11:00:00'),
(25, 'Friday', 'วันศุกร์', '08:00:00', '00:00:00', '2017-03-13 11:00:00', '2017-03-13 11:00:00'),
(26, 'Saturday', 'วันเสาร์', '08:00:00', '00:00:00', '2017-03-13 11:00:00', '2017-03-13 11:00:00'),
(27, 'Sunday', 'วันอาทิตย์', '08:00:00', '00:00:00', '2017-03-13 11:00:00', '2017-03-13 11:00:00'),
(28, 'Monday', 'วันจันทร์', '07:30:00', '21:00:00', '2017-03-13 11:00:00', '2017-03-13 11:00:00'),
(29, 'Tuesday', 'วันอังคาร', '07:30:00', '21:00:00', '2017-03-13 11:00:00', '2017-03-13 11:00:00'),
(30, 'Wednesday', 'วันพุธ', '07:30:00', '21:00:00', '2017-03-13 11:00:00', '2017-03-13 11:00:00'),
(31, 'Thursday', 'วันพฤหัสบดี', '07:30:00', '21:00:00', '2017-03-13 11:00:00', '2017-03-13 11:00:00'),
(32, 'Friday', 'วันศุกร์', '07:30:00', '21:00:00', '2017-03-13 11:00:00', '2017-03-13 11:00:00'),
(33, 'Saturday', 'วันเสาร์', '07:30:00', '18:00:00', '2017-03-13 11:00:00', '2017-03-13 11:00:00'),
(34, 'Sunday', 'วันอาทิตย์', '07:30:00', '18:00:00', '2017-03-13 11:00:00', '2017-03-13 11:00:00'),
(35, 'Monday', 'วันจันทร์', '09:30:00', '23:00:00', '2017-03-13 11:00:00', '2017-03-13 11:00:00'),
(36, 'Tuesday', 'วันอังคาร', '09:30:00', '23:00:00', '2017-03-13 11:00:00', '2017-03-13 11:00:00'),
(37, 'Wednesday', 'วันพุธ', '09:30:00', '23:00:00', '2017-03-13 11:00:00', '2017-03-13 11:00:00'),
(38, 'Thursday', 'วันพฤหัสบดี', '09:30:00', '23:00:00', '2017-03-13 11:00:00', '2017-03-13 11:00:00'),
(39, 'Friday', 'วันศุกร์', '09:30:00', '23:00:00', '2017-03-13 11:00:00', '2017-03-13 11:00:00'),
(40, 'Saturday', 'วันเสาร์', '09:30:00', '23:00:00', '2017-03-13 11:00:00', '2017-03-13 11:00:00'),
(41, 'Sunday', 'วันอาทิตย์', '09:30:00', '23:00:00', '2017-03-13 11:00:00', '2017-03-13 11:00:00'),
(42, 'Monday', 'วันจันทร์', '08:00:00', '23:00:00', '2017-03-13 11:00:00', '2017-03-13 11:00:00'),
(43, 'Tuesday', 'วันอังคาร', '08:00:00', '23:00:00', '2017-03-13 11:00:00', '2017-03-13 11:00:00'),
(44, 'Wednesday', 'วันพุธ', '08:00:00', '23:00:00', '2017-03-13 11:00:00', '2017-03-13 11:00:00'),
(45, 'Thursday', 'วันพฤหัสบดี', '08:00:00', '23:00:00', '2017-03-13 11:00:00', '2017-03-13 11:00:00'),
(46, 'Friday', 'วันศุกร์', '08:00:00', '23:00:00', '2017-03-13 11:00:00', '2017-03-13 11:00:00'),
(47, 'Saturday', 'วันเสาร์', '08:00:00', '23:00:00', '2017-03-13 11:00:00', '2017-03-13 11:00:00'),
(48, 'Sunday', 'วันอาทิตย์', '08:00:00', '23:00:00', '2017-03-13 11:00:00', '2017-03-13 11:00:00'),
(49, 'Saturday', 'วันเสาร์', '10:00:00', '21:00:00', '2017-03-13 11:00:00', '2017-03-13 11:00:00'),
(50, 'Sunday', 'วันอาทิตย์', '13:00:00', '21:00:00', '2017-03-13 11:00:00', '2017-03-13 11:00:00'),
(51, 'Saturday', 'วันเสาร์', '08:00:00', '20:00:00', '2017-03-13 11:00:00', '2017-03-13 11:00:00'),
(52, 'Sunday', 'วันอาทิตย์', '08:00:00', '20:00:00', '2017-03-13 11:00:00', '2017-03-13 11:00:00'),
(53, 'Monday', 'วันจันทร์', '08:00:00', '21:00:00', '2017-03-13 11:00:00', '2017-03-13 11:00:00'),
(54, 'Tuesday', 'วันอังคาร', '08:00:00', '21:00:00', '2017-03-13 11:00:00', '2017-03-13 11:00:00'),
(55, 'Wednesday', 'วันพุธ', '08:00:00', '21:00:00', '2017-03-13 11:00:00', '2017-03-13 11:00:00'),
(56, 'Thursday', 'วันพฤหัสบดี', '08:00:00', '21:00:00', '2017-03-13 11:00:00', '2017-03-13 11:00:00'),
(57, 'Friday', 'วันศุกร์', '08:00:00', '21:00:00', '2017-03-13 11:00:00', '2017-03-13 11:00:00'),
(58, 'Saturday', 'วันเสาร์', '08:00:00', '21:00:00', '2017-03-13 11:00:00', '2017-03-13 11:00:00'),
(59, 'Sunday', 'วันอาทิตย์', '08:00:00', '21:00:00', '2017-03-13 11:00:00', '2017-03-13 11:00:00'),
(60, 'Monday', 'วันจันทร์', '06:00:00', '21:00:00', '2017-03-13 11:00:00', '2017-03-13 11:00:00'),
(61, 'Tuesday', 'วันอังคาร', '06:00:00', '21:00:00', '2017-03-13 11:00:00', '2017-03-13 11:00:00'),
(62, 'Wednesday', 'วันพุธ', '06:00:00', '21:00:00', '2017-03-13 11:00:00', '2017-03-13 11:00:00'),
(63, 'Thursday', 'วันพฤหัสบดี', '06:00:00', '21:00:00', '2017-03-13 11:00:00', '2017-03-13 11:00:00'),
(64, 'Friday', 'วันศุกร์', '06:00:00', '21:00:00', '2017-03-13 11:00:00', '2017-03-13 11:00:00'),
(65, 'Sunday', 'วันอาทิตย์', '13:00:00', '20:00:00', '2017-03-13 11:00:00', '2017-03-13 11:00:00'),
(66, 'Saturday', 'วันเสาร์', '14:00:00', '21:00:00', '2017-03-13 11:00:00', '2017-03-13 11:00:00'),
(67, 'Sunday', 'วันอาทิตย์', '14:00:00', '21:00:00', '2017-03-13 11:00:00', '2017-03-13 11:00:00'),
(68, 'Monday', 'วันจันทร์', '07:00:00', '21:30:00', '2017-03-13 11:00:00', '2017-03-13 11:00:00'),
(69, 'Tuesday', 'วันอังคาร', '07:00:00', '21:30:00', '2017-03-13 11:00:00', '2017-03-13 11:00:00'),
(70, 'Wednesday', 'วันพุธ', '07:00:00', '21:30:00', '2017-03-13 11:00:00', '2017-03-13 11:00:00'),
(71, 'Thursday', 'วันพฤหัสบดี', '07:00:00', '21:30:00', '2017-03-13 11:00:00', '2017-03-13 11:00:00'),
(72, 'Friday', 'วันศุกร์', '07:00:00', '21:30:00', '2017-03-13 11:00:00', '2017-03-13 11:00:00'),
(73, 'Saturday', 'วันเสาร์', '07:00:00', '21:30:00', '2017-03-13 11:00:00', '2017-03-13 11:00:00'),
(74, 'Sunday', 'วันอาทิตย์', '07:00:00', '21:30:00', '2017-03-13 11:00:00', '2017-03-13 11:00:00'),
(75, 'Monday', 'วันจันทร์', '06:00:00', '23:00:00', '2017-03-13 11:00:00', '2017-03-13 11:00:00'),
(76, 'Tuesday', 'วันอังคาร', '06:00:00', '23:00:00', '2017-03-13 11:00:00', '2017-03-13 11:00:00'),
(77, 'Wednesday', 'วันพุธ', '06:00:00', '23:00:00', '2017-03-13 11:00:00', '2017-03-13 11:00:00'),
(78, 'Thursday', 'วันพฤหัสบดี', '06:00:00', '23:00:00', '2017-03-13 11:00:00', '2017-03-13 11:00:00'),
(79, 'Friday', 'วันศุกร์', '06:00:00', '23:00:00', '2017-03-13 11:00:00', '2017-03-13 11:00:00'),
(80, 'Saturday', 'วันเสาร์', '06:00:00', '23:00:00', '2017-03-13 11:00:00', '2017-03-13 11:00:00'),
(81, 'Sunday', 'วันอาทิตย์', '06:00:00', '23:00:00', '2017-03-13 11:00:00', '2017-03-13 11:00:00'),
(82, 'Monday', 'วันจันทร์', '00:00:00', '23:00:00', '2017-03-13 11:00:00', '2017-03-13 11:00:00'),
(83, 'Tuesday', 'วันอังคาร', '00:00:00', '23:00:00', '2017-03-13 11:00:00', '2017-03-13 11:00:00'),
(84, 'Wednesday', 'วันพุธ', '00:00:00', '23:00:00', '2017-03-13 11:00:00', '2017-03-13 11:00:00'),
(85, 'Thursday', 'วันพฤหัสบดี', '00:00:00', '23:00:00', '2017-03-13 11:00:00', '2017-03-13 11:00:00'),
(86, 'Friday', 'วันศุกร์', '00:00:00', '23:00:00', '2017-03-13 11:00:00', '2017-03-13 11:00:00'),
(87, 'Saturday', 'วันเสาร์', '00:00:00', '23:00:00', '2017-03-13 11:00:00', '2017-03-13 11:00:00'),
(88, 'Sunday', 'วันอาทิตย์', '00:00:00', '23:00:00', '2017-03-13 11:00:00', '2017-03-13 11:00:00'),
(89, 'Monday', 'วันจันทร์', '08:00:00', '12:00:00', '2017-03-13 11:00:00', '2017-03-13 11:00:00'),
(90, 'Tuesday', 'วันอังคาร', '08:00:00', '12:00:00', '2017-03-13 11:00:00', '2017-03-13 11:00:00'),
(91, 'Wednesday', 'วันพุธ', '08:00:00', '12:00:00', '2017-03-13 11:00:00', '2017-03-13 11:00:00'),
(92, 'Thursday', 'วันพฤหัสบดี', '08:00:00', '12:00:00', '2017-03-13 11:00:00', '2017-03-13 11:00:00'),
(93, 'Friday', 'วันศุกร์', '08:00:00', '12:00:00', '2017-03-13 11:00:00', '2017-03-13 11:00:00'),
(94, 'Saturday', 'วันเสาร์', '08:00:00', '12:00:00', '2017-03-13 11:00:00', '2017-03-13 11:00:00'),
(95, 'Monday', 'วันจันทร์', '15:00:00', '20:00:00', '2017-03-13 11:00:00', '2017-03-13 11:00:00'),
(96, 'Tuesday', 'วันอังคาร', '15:00:00', '20:00:00', '2017-03-13 11:00:00', '2017-03-13 11:00:00'),
(97, 'Wednesday', 'วันพุธ', '15:00:00', '20:00:00', '2017-03-13 11:00:00', '2017-03-13 11:00:00'),
(98, 'Thursday', 'วันพฤหัสบดี', '15:00:00', '20:00:00', '2017-03-13 11:00:00', '2017-03-13 11:00:00'),
(99, 'Friday', 'วันศุกร์', '15:00:00', '20:00:00', '2017-03-13 11:00:00', '2017-03-13 11:00:00'),
(100, 'Saturday', 'วันเสาร์', '15:00:00', '20:00:00', '2017-03-13 11:00:00', '2017-03-13 11:00:00'),
(101, 'Sunday', 'วันอาทิตย์', '08:00:00', '12:00:00', '2017-03-13 11:00:00', '2017-03-13 11:00:00'),
(102, 'Monday', 'วันจันทร์', '09:00:00', '18:00:00', '2017-03-13 11:00:00', '2017-03-13 11:00:00'),
(103, 'Tuesday', 'วันอังคาร', '09:00:00', '18:00:00', '2017-03-13 11:00:00', '2017-03-13 11:00:00'),
(104, 'Wednesday', 'วันพุธ', '09:00:00', '18:00:00', '2017-03-13 11:00:00', '2017-03-13 11:00:00'),
(105, 'Thursday', 'วันพฤหัสบดี', '09:00:00', '18:00:00', '2017-03-13 11:00:00', '2017-03-13 11:00:00'),
(106, 'Friday', 'วันศุกร์', '09:00:00', '18:00:00', '2017-03-13 11:00:00', '2017-03-13 11:00:00'),
(107, 'Saturday', 'วันเสาร์', '09:00:00', '18:00:00', '2017-03-13 11:00:00', '2017-03-13 11:00:00'),
(108, 'Monday', 'วันจันทร์', '06:30:00', '09:30:00', '2017-03-13 11:00:00', '2017-03-13 11:00:00'),
(109, 'Tuesday', 'วันอังคาร', '06:30:00', '09:30:00', '2017-03-13 11:00:00', '2017-03-13 11:00:00'),
(110, 'Wednesday', 'วันพุธ', '06:30:00', '09:30:00', '2017-03-13 11:00:00', '2017-03-13 11:00:00'),
(111, 'Thursday', 'วันพฤหัสบดี', '06:30:00', '09:30:00', '2017-03-13 11:00:00', '2017-03-13 11:00:00'),
(112, 'Friday', 'วันศุกร์', '06:30:00', '09:30:00', '2017-03-13 11:00:00', '2017-03-13 11:00:00'),
(113, 'Saturday', 'วันเสาร์', '06:30:00', '09:30:00', '2017-03-13 11:00:00', '2017-03-13 11:00:00'),
(114, 'Monday', 'วันจันทร์', '16:00:00', '19:00:00', '2017-03-13 11:00:00', '2017-03-13 11:00:00'),
(115, 'Tuesday', 'วันอังคาร', '16:00:00', '19:00:00', '2017-03-13 11:00:00', '2017-03-13 11:00:00'),
(116, 'Wednesday', 'วันพุธ', '16:00:00', '19:00:00', '2017-03-13 11:00:00', '2017-03-13 11:00:00'),
(117, 'Thursday', 'วันพฤหัสบดี', '16:00:00', '19:00:00', '2017-03-13 11:00:00', '2017-03-13 11:00:00'),
(118, 'Friday', 'วันศุกร์', '16:00:00', '19:00:00', '2017-03-13 11:00:00', '2017-03-13 11:00:00'),
(119, 'Saturday', 'วันเสาร์', '16:00:00', '19:00:00', '2017-03-13 11:00:00', '2017-03-13 11:00:00'),
(120, 'Monday', 'วันจันทร์', '08:00:00', '10:00:00', '2017-03-13 11:00:00', '2017-03-13 11:00:00'),
(121, 'Tuesday', 'วันอังคาร', '08:00:00', '10:00:00', '2017-03-13 11:00:00', '2017-03-13 11:00:00'),
(122, 'Wednesday', 'วันพุธ', '08:00:00', '10:00:00', '2017-03-13 11:00:00', '2017-03-13 11:00:00'),
(123, 'Thursday', 'วันพฤหัสบดี', '08:00:00', '10:00:00', '2017-03-13 11:00:00', '2017-03-13 11:00:00'),
(124, 'Friday', 'วันศุกร์', '08:00:00', '10:00:00', '2017-03-13 11:00:00', '2017-03-13 11:00:00'),
(125, 'Saturday', 'วันเสาร์', '08:00:00', '10:00:00', '2017-03-13 11:00:00', '2017-03-13 11:00:00'),
(126, 'Monday', 'วันจันทร์', '14:00:00', '20:00:00', '2017-03-13 11:00:00', '2017-03-13 11:00:00'),
(127, 'Tuesday', 'วันอังคาร', '14:00:00', '20:00:00', '2017-03-13 11:00:00', '2017-03-13 11:00:00'),
(128, 'Wednesday', 'วันพุธ', '14:00:00', '20:00:00', '2017-03-13 11:00:00', '2017-03-13 11:00:00'),
(129, 'Thursday', 'วันพฤหัสบดี', '14:00:00', '20:00:00', '2017-03-13 11:00:00', '2017-03-13 11:00:00'),
(130, 'Friday', 'วันศุกร์', '14:00:00', '20:00:00', '2017-03-13 11:00:00', '2017-03-13 11:00:00'),
(131, 'Saturday', 'วันเสาร์', '14:00:00', '20:00:00', '2017-03-13 11:00:00', '2017-03-13 11:00:00'),
(132, 'Sunday', 'วันอาทิตย์', '14:00:00', '20:00:00', '2017-03-13 11:00:00', '2017-03-13 11:00:00'),
(133, 'Wednesday', 'วันพุธ', '08:00:00', '11:00:00', '2017-03-13 11:00:00', '2017-03-13 11:00:00'),
(134, 'Tuesday', 'วันอังคาร', '08:00:00', '11:00:00', '2017-03-13 11:00:00', '2017-03-13 11:00:00'),
(135, 'Monday', 'วันจันทร์', '08:00:00', '11:00:00', '2017-03-13 11:00:00', '2017-03-13 11:00:00'),
(136, 'Wednesday', 'วันพุธ', '08:00:00', '11:00:00', '2017-03-13 11:00:00', '2017-03-13 11:00:00'),
(137, 'Wednesday', 'วันพุธ', '15:00:00', '21:00:00', '2017-03-13 11:00:00', '2017-03-13 11:00:00'),
(138, 'Friday', 'วันศุกร์', '08:00:00', '11:00:00', '2017-03-13 11:00:00', '2017-03-13 11:00:00'),
(139, 'Friday', 'วันศุกร์', '15:00:00', '20:30:00', '2017-03-13 11:00:00', '2017-03-13 11:00:00'),
(140, 'Saturday', 'วันเสาร์', '08:00:00', '14:00:00', '2017-03-13 11:00:00', '2017-03-13 11:00:00'),
(141, 'Monday', 'วันจันทร์', '07:30:00', '19:30:00', '2017-03-13 11:00:00', '2017-03-13 11:00:00'),
(142, 'Tuesday', 'วันอังคาร', '07:30:00', '19:30:00', '2017-03-13 11:00:00', '2017-03-13 11:00:00'),
(143, 'Wednesday', 'วันพุธ', '07:30:00', '19:30:00', '2017-03-13 11:00:00', '2017-03-13 11:00:00'),
(144, 'Thursday', 'วันพฤหัสบดี', '07:30:00', '19:30:00', '2017-03-13 11:00:00', '2017-03-13 11:00:00'),
(145, 'Friday', 'วันศุกร์', '07:30:00', '19:30:00', '2017-03-13 11:00:00', '2017-03-13 11:00:00'),
(146, 'Saturday', 'วันเสาร์', '07:30:00', '19:30:00', '2017-03-13 11:00:00', '2017-03-13 11:00:00'),
(147, 'Sunday', 'วันอาทิตย์', '07:30:00', '19:30:00', '2017-03-13 11:00:00', '2017-03-13 11:00:00'),
(148, 'Thursday', 'วันพฤหัสบดี', '08:00:00', '10:00:00', '2017-03-13 11:00:00', '2017-03-13 11:00:00'),
(149, 'Wednesday', 'วันพุธ', '08:00:00', '10:00:00', '2017-03-13 11:00:00', '2017-03-13 11:00:00'),
(150, 'Tuesday', 'วันอังคาร', '08:00:00', '10:00:00', '2017-03-13 11:00:00', '2017-03-13 11:00:00'),
(151, 'Monday', 'วันจันทร์', '08:00:00', '10:00:00', '2017-03-13 11:00:00', '2017-03-13 11:00:00'),
(152, 'Saturday', 'วันเสาร์', '08:00:00', '10:00:00', '2017-03-13 11:00:00', '2017-03-13 11:00:00'),
(153, 'Friday', 'วันศุกร์', '08:00:00', '10:00:00', '2017-03-13 11:00:00', '2017-03-13 11:00:00'),
(154, 'Thursday', 'วันพฤหัสบดี', '09:30:00', '12:30:00', '2017-03-13 11:00:00', '2017-03-13 11:00:00'),
(155, 'Friday', 'วันศุกร์', '09:30:00', '12:30:00', '2017-03-13 11:00:00', '2017-03-13 11:00:00'),
(156, 'Saturday', 'วันเสาร์', '09:30:00', '12:30:00', '2017-03-13 11:00:00', '2017-03-13 11:00:00'),
(157, 'Sunday', 'วันอาทิตย์', '09:30:00', '12:30:00', '2017-03-13 11:00:00', '2017-03-13 11:00:00'),
(158, 'Thursday', 'วันพฤหัสบดี', '12:30:00', '14:00:00', '2017-03-13 11:00:00', '2017-03-13 11:00:00'),
(159, 'Friday', 'วันศุกร์', '12:30:00', '14:00:00', '2017-03-13 11:00:00', '2017-03-13 11:00:00'),
(160, 'Saturday', 'วันเสาร์', '12:30:00', '14:00:00', '2017-03-13 11:00:00', '2017-03-13 11:00:00'),
(161, 'Sunday', 'วันอาทิตย์', '12:30:00', '14:00:00', '2017-03-13 11:00:00', '2017-03-13 11:00:00'),
(162, 'Thursday', 'วันพฤหัสบดี', '14:00:00', '17:00:00', '2017-03-13 11:00:00', '2017-03-13 11:00:00'),
(163, 'Friday', 'วันศุกร์', '14:00:00', '17:00:00', '2017-03-13 11:00:00', '2017-03-13 11:00:00'),
(164, 'Saturday', 'วันเสาร์', '14:00:00', '17:00:00', '2017-03-13 11:00:00', '2017-03-13 11:00:00'),
(165, 'Sunday', 'วันอาทิตย์', '14:00:00', '17:00:00', '2017-03-13 11:00:00', '2017-03-13 11:00:00'),
(166, 'Monday', 'วันจันทร์', '09:00:00', '18:00:00', '2017-03-13 11:00:00', '2017-03-13 11:00:00'),
(167, 'Tuesday', 'วันอังคาร', '09:00:00', '18:00:00', '2017-03-13 11:00:00', '2017-03-13 11:00:00'),
(168, 'Wednesday', 'วันพุธ', '09:00:00', '18:00:00', '2017-03-13 11:00:00', '2017-03-13 11:00:00'),
(169, 'Thursday', 'วันพฤหัสบดี', '09:00:00', '18:00:00', '2017-03-13 11:00:00', '2017-03-13 11:00:00'),
(170, 'Friday', 'วันศุกร์', '09:00:00', '18:00:00', '2017-03-13 11:00:00', '2017-03-13 11:00:00'),
(171, 'Saturday', 'วันเสาร์', '10:00:00', '18:00:00', '2017-03-13 11:00:00', '2017-03-13 11:00:00'),
(172, 'Sunday', 'วันอาทิตย์', '10:00:00', '16:00:00', '2017-03-13 11:00:00', '2017-03-13 11:00:00'),
(173, 'Monday', 'วันจันทร์', '09:00:00', '18:30:00', '2017-03-13 11:00:00', '2017-03-13 11:00:00'),
(174, 'Tuesday', 'วันอังคาร', '09:00:00', '18:30:00', '2017-03-13 11:00:00', '2017-03-13 11:00:00'),
(175, 'Wednesday', 'วันพุธ', '09:00:00', '18:30:00', '2017-03-13 11:00:00', '2017-03-13 11:00:00'),
(176, 'Thursday', 'วันพฤหัสบดี', '09:00:00', '18:30:00', '2017-03-13 11:00:00', '2017-03-13 11:00:00'),
(177, 'Friday', 'วันศุกร์', '09:00:00', '17:30:00', '2017-03-13 11:00:00', '2017-03-13 11:00:00'),
(178, 'Saturday', 'วันเสาร์', '09:00:00', '10:00:00', '2017-03-13 11:00:00', '2017-03-13 11:00:00'),
(179, 'Sunday', 'วันอาทิตย์', '09:00:00', '10:00:00', '2017-03-13 11:00:00', '2017-03-13 11:00:00'),
(180, 'Monday', 'วันจันทร์', '09:30:00', '19:15:00', '2017-03-13 11:00:00', '2017-03-13 11:00:00'),
(181, 'Tuesday', 'วันอังคาร', '09:30:00', '19:15:00', '2017-03-13 11:00:00', '2017-03-13 11:00:00'),
(182, 'Wednesday', 'วันพุธ', '09:30:00', '19:15:00', '2017-03-13 11:00:00', '2017-03-13 11:00:00'),
(183, 'Thursday', 'วันพฤหัสบดี', '09:30:00', '19:15:00', '2017-03-13 11:00:00', '2017-03-13 11:00:00'),
(184, 'Friday', 'วันศุกร์', '09:30:00', '19:15:00', '2017-03-13 11:00:00', '2017-03-13 11:00:00'),
(185, 'Saturday', 'วันเสาร์', '16:30:00', '17:45:00', '2017-03-13 11:00:00', '2017-03-13 11:00:00'),
(186, 'Sunday', 'วันอาทิตย์', '16:30:00', '17:45:00', '2017-03-13 11:00:00', '2017-03-13 11:00:00'),
(187, 'Monday', 'วันจันทร์', '10:00:00', '21:00:00', '2017-03-13 11:00:00', '2017-03-13 11:00:00'),
(188, 'Tuesday', 'วันอังคาร', '10:00:00', '21:00:00', '2017-03-13 11:00:00', '2017-03-13 11:00:00'),
(189, 'Wednesday', 'วันพุธ', '10:00:00', '21:00:00', '2017-03-13 11:00:00', '2017-03-13 11:00:00'),
(190, 'Thursday', 'วันพฤหัสบดี', '10:00:00', '21:00:00', '2017-03-13 11:00:00', '2017-03-13 11:00:00'),
(191, 'Friday', 'วันศุกร์', '10:00:00', '21:00:00', '2017-03-13 11:00:00', '2017-03-13 11:00:00'),
(192, 'Saturday', 'วันเสาร์', '10:00:00', '21:00:00', '2017-03-13 11:00:00', '2017-03-13 11:00:00'),
(193, 'Sunday', 'วันอาทิตย์', '09:00:00', '21:00:00', '2017-03-13 11:00:00', '2017-03-13 11:00:00'),
(194, 'Monday', 'วันจันทร์', '08:30:00', '19:45:00', '2017-03-13 11:00:00', '2017-03-13 11:00:00'),
(195, 'Tuesday', 'วันอังคาร', '08:30:00', '19:45:00', '2017-03-13 11:00:00', '2017-03-13 11:00:00'),
(196, 'Wednesday', 'วันพุธ', '08:30:00', '19:45:00', '2017-03-13 11:00:00', '2017-03-13 11:00:00'),
(197, 'Thursday', 'วันพฤหัสบดี', '08:30:00', '19:45:00', '2017-03-13 11:00:00', '2017-03-13 11:00:00'),
(198, 'Friday', 'วันศุกร์', '08:30:00', '19:45:00', '2017-03-13 11:00:00', '2017-03-13 11:00:00'),
(199, 'Saturday', 'วันเสาร์', '08:30:00', '19:45:00', '2017-03-13 11:00:00', '2017-03-13 11:00:00'),
(200, 'Monday', 'วันจันทร์', '04:00:00', '22:00:00', '2017-03-13 11:00:00', '2017-03-13 11:00:00'),
(201, 'Tuesday', 'วันอังคาร', '04:00:00', '22:00:00', '2017-03-13 11:00:00', '2017-03-13 11:00:00'),
(202, 'Wednesday', 'วันพุธ', '04:00:00', '22:00:00', '2017-03-13 11:00:00', '2017-03-13 11:00:00'),
(203, 'Thursday', 'วันพฤหัสบดี', '04:00:00', '22:00:00', '2017-03-13 11:00:00', '2017-03-13 11:00:00'),
(204, 'Friday', 'วันศุกร์', '04:00:00', '22:00:00', '2017-03-13 11:00:00', '2017-03-13 11:00:00'),
(205, 'Saturday', 'วันเสาร์', '04:00:00', '22:00:00', '2017-03-13 11:00:00', '2017-03-13 11:00:00'),
(206, 'Sunday', 'วันอาทิตย์', '04:00:00', '22:00:00', '2017-03-13 11:00:00', '2017-03-13 11:00:00'),
(207, 'Monday', 'วันจันทร์', '05:00:00', '21:00:00', '2017-03-13 11:00:00', '2017-03-13 11:00:00'),
(208, 'Tuesday', 'วันอังคาร', '05:00:00', '21:00:00', '2017-03-13 11:00:00', '2017-03-13 11:00:00'),
(209, 'Wednesday', 'วันพุธ', '05:00:00', '21:00:00', '2017-03-13 11:00:00', '2017-03-13 11:00:00'),
(210, 'Thursday', 'วันพฤหัสบดี', '05:00:00', '21:00:00', '2017-03-13 11:00:00', '2017-03-13 11:00:00'),
(211, 'Friday', 'วันศุกร์', '05:00:00', '21:00:00', '2017-03-13 11:00:00', '2017-03-13 11:00:00'),
(212, 'Saturday', 'วันเสาร์', '05:00:00', '21:00:00', '2017-03-13 11:00:00', '2017-03-13 11:00:00'),
(213, 'Sunday', 'วันอาทิตย์', '05:00:00', '21:00:00', '2017-03-13 11:00:00', '2017-03-13 11:00:00'),
(214, 'Monday', 'วันจันทร์', '08:00:00', '20:00:00', '2017-03-13 11:00:00', '2017-03-13 11:00:00'),
(215, 'Tuesday', 'วันอังคาร', '08:00:00', '20:00:00', '2017-03-13 11:00:00', '2017-03-13 11:00:00'),
(216, 'Wednesday', 'วันพุธ', '08:00:00', '20:00:00', '2017-03-13 11:00:00', '2017-03-13 11:00:00'),
(217, 'Thursday', 'วันพฤหัสบดี', '08:00:00', '20:00:00', '2017-03-13 11:00:00', '2017-03-13 11:00:00'),
(218, 'Friday', 'วันศุกร์', '08:00:00', '20:00:00', '2017-03-13 11:00:00', '2017-03-13 11:00:00'),
(219, 'Monday', 'วันจันทร์', '08:00:00', '18:00:00', '2017-03-13 11:00:00', '2017-03-13 11:00:00'),
(220, 'Tuesday', 'วันอังคาร', '08:00:00', '18:00:00', '2017-03-13 11:00:00', '2017-03-13 11:00:00'),
(221, 'Wednesday', 'วันพุธ', '08:00:00', '18:00:00', '2017-03-13 11:00:00', '2017-03-13 11:00:00'),
(222, 'Thursday', 'วันพฤหัสบดี', '08:00:00', '18:00:00', '2017-03-13 11:00:00', '2017-03-13 11:00:00'),
(223, 'Friday', 'วันศุกร์', '08:00:00', '18:00:00', '2017-03-13 11:00:00', '2017-03-13 11:00:00'),
(224, 'Saturday', 'วันเสาร์', '08:00:00', '18:00:00', '2017-03-13 11:00:00', '2017-03-13 11:00:00'),
(225, 'Sunday', 'วันอาทิตย์', '08:00:00', '18:00:00', '2017-03-13 11:00:00', '2017-03-13 11:00:00'),
(226, 'Monday', 'วันจันทร์', '06:00:00', '20:00:00', '2017-03-13 11:00:00', '2017-03-13 11:00:00'),
(227, 'Tuesday', 'วันอังคาร', '06:00:00', '20:00:00', '2017-03-13 11:00:00', '2017-03-13 11:00:00'),
(228, 'Wednesday', 'วันพุธ', '06:00:00', '20:00:00', '2017-03-13 11:00:00', '2017-03-13 11:00:00'),
(229, 'Thursday', 'วันพฤหัสบดี', '06:00:00', '20:00:00', '2017-03-13 11:00:00', '2017-03-13 11:00:00'),
(230, 'Friday', 'วันศุกร์', '06:00:00', '20:00:00', '2017-03-13 11:00:00', '2017-03-13 11:00:00'),
(231, 'Saturday', 'วันเสาร์', '06:00:00', '20:00:00', '2017-03-13 11:00:00', '2017-03-13 11:00:00'),
(232, 'Sunday', 'วันอาทิตย์', '06:00:00', '20:00:00', '2017-03-13 11:00:00', '2017-03-13 11:00:00'),
(233, 'Monday', 'วันจันทร์', '08:00:00', '19:30:00', '2017-03-13 11:00:00', '2017-03-13 11:00:00'),
(234, 'Tuesday', 'วันอังคาร', '08:00:00', '19:30:00', '2017-03-13 11:00:00', '2017-03-13 11:00:00'),
(235, 'Wednesday', 'วันพุธ', '08:00:00', '19:30:00', '2017-03-13 11:00:00', '2017-03-13 11:00:00'),
(236, 'Thursday', 'วันพฤหัสบดี', '08:00:00', '19:30:00', '2017-03-13 11:00:00', '2017-03-13 11:00:00'),
(237, 'Friday', 'วันศุกร์', '08:00:00', '19:30:00', '2017-03-13 11:00:00', '2017-03-13 11:00:00'),
(238, 'Saturday', 'วันเสาร์', '08:00:00', '17:30:00', '2017-03-13 11:00:00', '2017-03-13 11:00:00'),
(239, 'Monday', 'วันจันทร์', '09:00:00', '19:00:00', '2017-03-13 11:00:00', '2017-03-13 11:00:00'),
(240, 'Tuesday', 'วันอังคาร', '09:00:00', '19:00:00', '2017-03-13 11:00:00', '2017-03-13 11:00:00'),
(241, 'Wednesday', 'วันพุธ', '09:00:00', '19:00:00', '2017-03-13 11:00:00', '2017-03-13 11:00:00'),
(242, 'Thursday', 'วันพฤหัสบดี', '09:00:00', '19:00:00', '2017-03-13 11:00:00', '2017-03-13 11:00:00'),
(243, 'Friday', 'วันศุกร์', '09:00:00', '19:00:00', '2017-03-13 11:00:00', '2017-03-13 11:00:00'),
(244, 'Saturday', 'วันเสาร์', '09:00:00', '19:00:00', '2017-03-13 11:00:00', '2017-03-13 11:00:00'),
(245, 'Monday', 'วันจันทร์', '09:00:00', '11:00:00', '2017-03-13 11:00:00', '2017-03-13 11:00:00'),
(246, 'Tuesday', 'วันอังคาร', '09:00:00', '11:00:00', '2017-03-13 11:00:00', '2017-03-13 11:00:00'),
(247, 'Wednesday', 'วันพุธ', '09:00:00', '11:00:00', '2017-03-13 11:00:00', '2017-03-13 11:00:00'),
(248, 'Thursday', 'วันพฤหัสบดี', '09:00:00', '11:00:00', '2017-03-13 11:00:00', '2017-03-13 11:00:00'),
(249, 'Friday', 'วันศุกร์', '09:00:00', '11:00:00', '2017-03-13 11:00:00', '2017-03-13 11:00:00'),
(250, 'Saturday', 'วันเสาร์', '09:00:00', '11:00:00', '2017-03-13 11:00:00', '2017-03-13 11:00:00'),
(251, 'Sunday', 'วันอาทิตย์', '09:00:00', '11:00:00', '2017-03-13 11:00:00', '2017-03-13 11:00:00'),
(252, 'Sunday', 'วันอาทิตย์', '15:00:00', '20:00:00', '2017-03-13 11:00:00', '2017-03-13 11:00:00'),
(253, 'Friday', 'วันศุกร์', '10:00:00', '20:00:00', '2017-03-13 11:00:00', '2017-03-13 11:00:00'),
(254, 'Monday', 'วันจันทร์', '09:00:00', '20:00:00', '2017-03-13 11:00:00', '2017-03-13 11:00:00'),
(255, 'Tuesday', 'วันอังคาร', '09:00:00', '20:00:00', '2017-03-13 11:00:00', '2017-03-13 11:00:00'),
(256, 'Wednesday', 'วันพุธ', '09:00:00', '20:00:00', '2017-03-13 11:00:00', '2017-03-13 11:00:00'),
(257, 'Thursday', 'วันพฤหัสบดี', '09:00:00', '20:00:00', '2017-03-13 11:00:00', '2017-03-13 11:00:00'),
(258, 'Friday', 'วันศุกร์', '09:00:00', '20:00:00', '2017-03-13 11:00:00', '2017-03-13 11:00:00'),
(259, 'Saturday', 'วันเสาร์', '09:00:00', '20:00:00', '2017-03-13 11:00:00', '2017-03-13 11:00:00'),
(260, 'Sunday', 'วันอาทิตย์', '09:00:00', '20:00:00', '2017-03-13 11:00:00', '2017-03-13 11:00:00'),
(261, 'Monday', 'วันจันทร์', '19:30:00', '20:45:00', '2017-03-13 11:00:00', '2017-03-13 11:00:00'),
(262, 'Tuesday', 'วันอังคาร', '19:30:00', '20:45:00', '2017-03-13 11:00:00', '2017-03-13 11:00:00'),
(263, 'Wednesday', 'วันพุธ', '19:30:00', '20:45:00', '2017-03-13 11:00:00', '2017-03-13 11:00:00'),
(264, 'Thursday', 'วันพฤหัสบดี', '19:30:00', '20:45:00', '2017-03-13 11:00:00', '2017-03-13 11:00:00'),
(265, 'Friday', 'วันศุกร์', '19:30:00', '20:45:00', '2017-03-13 11:00:00', '2017-03-13 11:00:00'),
(266, 'Monday', 'วันจันทร์', '10:00:00', '19:30:00', '2017-03-13 11:00:00', '2017-03-13 11:00:00'),
(267, 'Tuesday', 'วันอังคาร', '10:00:00', '19:30:00', '2017-03-13 11:00:00', '2017-03-13 11:00:00'),
(268, 'Wednesday', 'วันพุธ', '10:00:00', '19:30:00', '2017-03-13 11:00:00', '2017-03-13 11:00:00'),
(269, 'Thursday', 'วันพฤหัสบดี', '10:00:00', '19:30:00', '2017-03-13 11:00:00', '2017-03-13 11:00:00'),
(270, 'Friday', 'วันศุกร์', '10:00:00', '19:30:00', '2017-03-13 11:00:00', '2017-03-13 11:00:00'),
(271, 'Saturday', 'วันเสาร์', '10:00:00', '19:30:00', '2017-03-13 11:00:00', '2017-03-13 11:00:00');

--
-- Indexes for dumped tables
--

--
-- Indexes for table `admins`
--
ALTER TABLE `admins`
  ADD PRIMARY KEY (`id`),
  ADD UNIQUE KEY `admins_email_unique` (`email`);

--
-- Indexes for table `class`
--
ALTER TABLE `class`
  ADD PRIMARY KEY (`id`),
  ADD KEY `type_id` (`type_id`),
  ADD KEY `type_id_2` (`type_id`);

--
-- Indexes for table `comments`
--
ALTER TABLE `comments`
  ADD PRIMARY KEY (`id`),
  ADD KEY `fitness_id` (`fitness_id`),
  ADD KEY `user_id` (`user_id`);

--
-- Indexes for table `factors`
--
ALTER TABLE `factors`
  ADD PRIMARY KEY (`id`),
  ADD KEY `user_id` (`user_id`);

--
-- Indexes for table `fitness`
--
ALTER TABLE `fitness`
  ADD PRIMARY KEY (`id`);

--
-- Indexes for table `fitness_class`
--
ALTER TABLE `fitness_class`
  ADD PRIMARY KEY (`fitness_id`,`classes_id`),
  ADD KEY `class_id` (`classes_id`);

--
-- Indexes for table `fitness_typesports`
--
ALTER TABLE `fitness_typesports`
  ADD PRIMARY KEY (`fitness_id`,`typesport_id`),
  ADD KEY `type_id` (`typesport_id`);

--
-- Indexes for table `fitness_workservices`
--
ALTER TABLE `fitness_workservices`
  ADD PRIMARY KEY (`fitness_id`,`workservice_id`),
  ADD KEY `fitness_workservices_ibfk_1` (`workservice_id`);

--
-- Indexes for table `members`
--
ALTER TABLE `members`
  ADD PRIMARY KEY (`id`),
  ADD UNIQUE KEY `members_email_unique` (`email`);

--
-- Indexes for table `migrations`
--
ALTER TABLE `migrations`
  ADD PRIMARY KEY (`id`);

--
-- Indexes for table `password_resets`
--
ALTER TABLE `password_resets`
  ADD KEY `password_resets_email_index` (`email`),
  ADD KEY `password_resets_token_index` (`token`);

--
-- Indexes for table `typesports`
--
ALTER TABLE `typesports`
  ADD PRIMARY KEY (`id`);

--
-- Indexes for table `users`
--
ALTER TABLE `users`
  ADD PRIMARY KEY (`id`),
  ADD UNIQUE KEY `users_email_unique` (`email`);

--
-- Indexes for table `workservices`
--
ALTER TABLE `workservices`
  ADD PRIMARY KEY (`id`);

--
-- AUTO_INCREMENT for dumped tables
--

--
-- AUTO_INCREMENT for table `admins`
--
ALTER TABLE `admins`
  MODIFY `id` int(10) UNSIGNED NOT NULL AUTO_INCREMENT, AUTO_INCREMENT=7;
--
-- AUTO_INCREMENT for table `class`
--
ALTER TABLE `class`
  MODIFY `id` int(10) UNSIGNED NOT NULL AUTO_INCREMENT, AUTO_INCREMENT=61;
--
-- AUTO_INCREMENT for table `comments`
--
ALTER TABLE `comments`
  MODIFY `id` int(10) UNSIGNED NOT NULL AUTO_INCREMENT, AUTO_INCREMENT=503;
--
-- AUTO_INCREMENT for table `factors`
--
ALTER TABLE `factors`
  MODIFY `id` int(10) UNSIGNED NOT NULL AUTO_INCREMENT, AUTO_INCREMENT=66;
--
-- AUTO_INCREMENT for table `fitness`
--
ALTER TABLE `fitness`
  MODIFY `id` int(10) UNSIGNED NOT NULL AUTO_INCREMENT, AUTO_INCREMENT=83;
--
-- AUTO_INCREMENT for table `members`
--
ALTER TABLE `members`
  MODIFY `id` int(10) UNSIGNED NOT NULL AUTO_INCREMENT, AUTO_INCREMENT=66;
--
-- AUTO_INCREMENT for table `migrations`
--
ALTER TABLE `migrations`
  MODIFY `id` int(10) UNSIGNED NOT NULL AUTO_INCREMENT, AUTO_INCREMENT=34;
--
-- AUTO_INCREMENT for table `typesports`
--
ALTER TABLE `typesports`
  MODIFY `id` int(10) UNSIGNED NOT NULL AUTO_INCREMENT, AUTO_INCREMENT=44;
--
-- AUTO_INCREMENT for table `users`
--
ALTER TABLE `users`
  MODIFY `id` int(10) UNSIGNED NOT NULL AUTO_INCREMENT, AUTO_INCREMENT=8;
--
-- AUTO_INCREMENT for table `workservices`
--
ALTER TABLE `workservices`
  MODIFY `id` int(10) UNSIGNED NOT NULL AUTO_INCREMENT, AUTO_INCREMENT=277;
--
-- Constraints for dumped tables
--

--
-- Constraints for table `class`
--
ALTER TABLE `class`
  ADD CONSTRAINT `class_ibfk_1` FOREIGN KEY (`type_id`) REFERENCES `typesports` (`id`) ON DELETE CASCADE ON UPDATE CASCADE;

--
-- Constraints for table `comments`
--
ALTER TABLE `comments`
  ADD CONSTRAINT `comments_ibfk_1` FOREIGN KEY (`fitness_id`) REFERENCES `fitness` (`id`) ON DELETE CASCADE ON UPDATE CASCADE,
  ADD CONSTRAINT `comments_ibfk_2` FOREIGN KEY (`user_id`) REFERENCES `members` (`id`) ON DELETE CASCADE ON UPDATE CASCADE;

--
-- Constraints for table `factors`
--
ALTER TABLE `factors`
  ADD CONSTRAINT `factors_ibfk_1` FOREIGN KEY (`user_id`) REFERENCES `members` (`id`) ON DELETE CASCADE ON UPDATE CASCADE;

--
-- Constraints for table `fitness_class`
--
ALTER TABLE `fitness_class`
  ADD CONSTRAINT `fitness_class_ibfk_1` FOREIGN KEY (`fitness_id`) REFERENCES `fitness` (`id`) ON DELETE CASCADE ON UPDATE CASCADE,
  ADD CONSTRAINT `fitness_class_ibfk_2` FOREIGN KEY (`classes_id`) REFERENCES `class` (`id`) ON DELETE CASCADE ON UPDATE CASCADE;

--
-- Constraints for table `fitness_typesports`
--
ALTER TABLE `fitness_typesports`
  ADD CONSTRAINT `fitness_typesports_ibfk_1` FOREIGN KEY (`fitness_id`) REFERENCES `fitness` (`id`) ON DELETE CASCADE ON UPDATE CASCADE,
  ADD CONSTRAINT `fitness_typesports_ibfk_2` FOREIGN KEY (`typesport_id`) REFERENCES `typesports` (`id`) ON DELETE CASCADE ON UPDATE CASCADE;

--
-- Constraints for table `fitness_workservices`
--
ALTER TABLE `fitness_workservices`
  ADD CONSTRAINT `fitness_workservices_ibfk_1` FOREIGN KEY (`workservice_id`) REFERENCES `workservices` (`id`) ON DELETE CASCADE ON UPDATE CASCADE,
  ADD CONSTRAINT `fitness_workservices_ibfk_2` FOREIGN KEY (`fitness_id`) REFERENCES `fitness` (`id`) ON DELETE CASCADE ON UPDATE CASCADE;

/*!40101 SET CHARACTER_SET_CLIENT=@OLD_CHARACTER_SET_CLIENT */;
/*!40101 SET CHARACTER_SET_RESULTS=@OLD_CHARACTER_SET_RESULTS */;
/*!40101 SET COLLATION_CONNECTION=@OLD_COLLATION_CONNECTION */;
